,Unnamed: 0,Open,High,Low,Close,Adj,Close.1,Volume
0,Date,,,,,,,
1,2012-01-03,26.55,26.96,26.39,26.77,,21.28,64731500.0
2,2012-01-04,26.82,27.47,26.78,27.4,,21.78,80516100.0
3,2012-01-05,27.38,27.73,27.29,27.68,,22.0,56081400.0
4,2012-01-06,27.53,28.19,27.53,28.11,,22.34,99455500.0
5,2012-01-09,28.05,28.1,27.72,27.74,,22.05,59706800.0
6,2012-01-10,27.93,28.15,27.75,27.84,,22.13,60014400.0
7,2012-01-11,27.43,27.98,27.37,27.72,,22.03,65582400.0
8,2012-01-12,27.87,28.02,27.65,28.0,,22.26,49370800.0
9,2012-01-13,27.93,28.25,27.79,28.25,,22.45,60196100.0
10,2012-01-17,28.4,28.65,28.17,28.26,,22.46,72395300.0
11,2012-01-18,28.31,28.4,27.97,28.23,,22.44,64860600.0
12,2012-01-19,28.16,28.44,28.03,28.12,,22.35,74053500.0
13,2012-01-20,28.82,29.74,28.75,29.71,,23.61,165902900.0
14,2012-01-23,29.55,29.95,29.35,29.73,,23.63,76078100.0
15,2012-01-24,29.47,29.57,29.18,29.34,,23.32,51703300.0
16,2012-01-25,29.07,29.65,29.07,29.56,,23.5,59231700.0
17,2012-01-26,29.61,29.7,29.4,29.5,,23.45,49102800.0
18,2012-01-27,29.45,29.53,29.17,29.23,,23.23,44187700.0
19,2012-01-30,28.97,29.62,28.83,29.61,,23.54,51114800.0
20,2012-01-31,29.66,29.7,29.23,29.53,,23.47,50572400.0
21,2012-02-01,29.79,30.05,29.76,29.89,,23.76,67409900.0
22,2012-02-02,29.9,30.17,29.71,29.95,,23.81,52223300.0
23,2012-02-03,30.14,30.4,30.09,30.24,,24.04,41838500.0
24,2012-02-06,30.04,30.22,29.97,30.2,,24.0,28039700.0
25,2012-02-07,30.15,30.49,30.05,30.35,,24.12,39242400.0
26,2012-02-08,30.26,30.67,30.22,30.66,,24.37,49659100.0
27,2012-02-09,30.68,30.8,30.48,30.77,,24.46,50481600.0
28,2012-02-10,30.64,30.8,30.36,30.5,,24.24,44605300.0
29,2012-02-13,30.63,30.77,30.43,30.58,,24.31,33319800.0
30,2012-02-14,30.33,30.46,29.85,30.25,,24.2,59644000.0
31,2012-02-15,30.33,30.39,30.03,30.05,,24.04,43311300.0
32,2012-02-16,30.31,31.55,30.3,31.29,,25.03,94705100.0
33,2012-02-17,31.2,31.32,30.95,31.25,,25.0,70036500.0
34,2012-02-21,31.18,31.61,31.15,31.44,,25.15,50829900.0
35,2012-02-22,31.45,31.68,31.18,31.27,,25.02,49253200.0
36,2012-02-23,31.2,31.59,31.0,31.37,,25.1,35034700.0
37,2012-02-24,31.48,31.5,31.24,31.48,,25.19,35575400.0
38,2012-02-27,31.24,31.5,31.1,31.35,,25.08,34568400.0
39,2012-02-28,31.41,31.93,31.38,31.87,,25.5,45230600.0
40,2012-02-29,31.89,32.0,31.61,31.74,,25.39,59323600.0
41,2012-03-01,31.93,32.39,31.85,32.29,,25.83,77344100.0
42,2012-03-02,32.31,32.44,32.0,32.08,,25.67,47314200.0
43,2012-03-05,32.01,32.05,31.62,31.8,,25.44,45240000.0
44,2012-03-06,31.54,31.98,31.49,31.56,,25.25,51932900.0
45,2012-03-07,31.67,31.92,31.53,31.84,,25.47,34340400.0
46,2012-03-08,32.04,32.21,31.9,32.01,,25.61,36747400.0
47,2012-03-09,32.1,32.16,31.92,31.99,,25.59,34628400.0
48,2012-03-12,31.97,32.2,31.82,32.04,,25.63,34073600.0
49,2012-03-13,32.24,32.69,32.15,32.67,,26.14,48951700.0
50,2012-03-14,32.53,32.88,32.49,32.77,,26.22,41986900.0
51,2012-03-15,32.79,32.94,32.58,32.85,,26.28,49068300.0
52,2012-03-16,32.91,32.95,32.5,32.6,,26.08,65626400.0
53,2012-03-19,32.54,32.61,32.15,32.2,,25.76,44789200.0
54,2012-03-20,32.1,32.15,31.74,31.99,,25.59,41566800.0
55,2012-03-21,31.96,32.15,31.82,31.91,,25.53,37928600.0
56,2012-03-22,31.81,32.09,31.79,32.0,,25.6,31749500.0
57,2012-03-23,32.1,32.11,31.72,32.01,,25.61,35912200.0
58,2012-03-26,32.19,32.61,32.15,32.59,,26.07,36758300.0
59,2012-03-27,32.65,32.7,32.4,32.52,,26.02,36274900.0
60,2012-03-28,32.52,32.7,32.04,32.19,,25.75,41344800.0
61,2012-03-29,32.06,32.19,31.81,32.12,,25.7,37038500.0
62,2012-03-30,32.4,32.41,32.04,32.26,,25.81,31749400.0
63,2012-04-02,32.22,32.46,31.95,32.29,,25.83,35853600.0
64,2012-04-03,32.16,32.19,31.66,31.94,,25.55,42752100.0
65,2012-04-04,31.66,31.69,31.05,31.21,,24.97,49455900.0
66,2012-04-05,31.15,31.63,31.05,31.52,,25.22,50368600.0
67,2012-04-09,31.22,31.4,30.97,31.1,,24.88,31056400.0
68,2012-04-10,31.06,31.19,30.3,30.47,,24.38,54131300.0
69,2012-04-11,30.43,30.53,30.23,30.35,,24.28,43014000.0
70,2012-04-12,30.48,31.04,30.42,30.98,,24.79,38304000.0
71,2012-04-13,30.89,31.16,30.72,30.81,,24.65,39749200.0
72,2012-04-16,30.99,31.19,30.77,31.08,,24.87,38124800.0
73,2012-04-17,31.27,31.61,31.2,31.44,,25.15,34361500.0
74,2012-04-18,31.28,31.31,31.04,31.14,,24.91,40552900.0
75,2012-04-19,31.13,31.68,30.94,31.01,,24.81,54781200.0
76,2012-04-20,32.15,32.89,32.05,32.42,,25.94,106045000.0
77,2012-04-23,32.31,32.5,32.03,32.12,,25.7,61398200.0
78,2012-04-24,32.21,32.52,31.83,31.92,,25.54,40871100.0
79,2012-04-25,31.92,32.32,31.87,32.2,,25.76,62495500.0
80,2012-04-26,32.12,32.23,31.92,32.11,,25.69,40308100.0
81,2012-04-27,32.12,32.22,31.88,31.98,,25.59,41419100.0
82,2012-04-30,31.98,32.11,31.92,32.02,,25.62,35697200.0
83,2012-05-01,32.05,32.34,31.95,32.01,,25.61,43832300.0
84,2012-05-02,31.85,31.93,31.64,31.8,,25.44,37385300.0
85,2012-05-03,31.88,31.9,31.61,31.76,,25.41,31501300.0
86,2012-05-04,31.45,31.57,30.92,30.98,,24.79,57927200.0
87,2012-05-07,30.7,30.86,30.57,30.65,,24.52,48641400.0
88,2012-05-08,30.48,30.78,30.17,30.5,,24.4,46328300.0
89,2012-05-09,30.19,30.83,30.1,30.76,,24.61,50309300.0
90,2012-05-10,30.86,31.02,30.45,30.74,,24.59,43839200.0
91,2012-05-11,30.69,31.54,30.69,31.16,,24.93,43459300.0
92,2012-05-14,30.82,31.04,30.64,30.68,,24.55,40528900.0
93,2012-05-15,30.64,30.8,30.15,30.21,,24.33,61822800.0
94,2012-05-16,30.31,30.32,29.74,29.9,,24.08,60083700.0
95,2012-05-17,29.99,30.21,29.71,29.72,,23.93,48484000.0
96,2012-05-18,29.79,29.81,29.17,29.27,,23.57,56205300.0
97,2012-05-21,29.1,29.79,29.06,29.75,,23.96,38787900.0
98,2012-05-22,29.69,29.88,29.5,29.76,,23.97,39504900.0
99,2012-05-23,29.35,29.4,28.64,29.11,,23.44,65171000.0
100,2012-05-24,29.16,29.3,28.76,29.07,,23.41,52575000.0
101,2012-05-25,29.2,29.36,29.01,29.06,,23.4,29507200.0
102,2012-05-29,29.38,29.72,29.22,29.56,,23.81,37758800.0
103,2012-05-30,29.35,29.48,29.12,29.34,,23.63,41585500.0
104,2012-05-31,29.3,29.42,28.94,29.19,,23.51,39134000.0
105,2012-06-01,28.76,28.96,28.44,28.45,,22.91,56634300.0
106,2012-06-04,28.62,28.78,28.32,28.55,,22.99,47926300.0
107,2012-06-05,28.51,28.75,28.39,28.51,,22.96,45715400.0
108,2012-06-06,28.88,29.37,28.81,29.35,,23.64,46860500.0
109,2012-06-07,29.64,29.7,29.17,29.23,,23.54,37792800.0
110,2012-06-08,29.21,29.68,29.05,29.65,,23.88,42551100.0
111,2012-06-11,29.73,29.81,28.82,28.9,,23.27,46361900.0
112,2012-06-12,29.1,29.3,28.84,29.29,,23.59,35337900.0
113,2012-06-13,29.22,29.44,29.05,29.13,,23.46,32984600.0
114,2012-06-14,29.33,29.46,28.88,29.34,,23.63,39458900.0
115,2012-06-15,29.59,30.08,29.49,30.02,,24.18,62314400.0
116,2012-06-18,29.99,30.03,29.71,29.84,,24.03,58679900.0
117,2012-06-19,30.19,31.11,30.05,30.7,,24.72,75725800.0
118,2012-06-20,30.93,31.05,30.64,30.93,,24.91,36257100.0
119,2012-06-21,30.96,31.14,30.06,30.14,,24.27,48456600.0
120,2012-06-22,30.3,30.73,30.03,30.7,,24.72,45098100.0
121,2012-06-25,30.3,30.32,29.62,29.87,,24.06,42217200.0
122,2012-06-26,30.0,30.27,29.94,30.02,,24.18,38421300.0
123,2012-06-27,30.19,30.5,30.03,30.17,,24.3,33781700.0
124,2012-06-28,29.98,30.05,29.42,29.91,,24.09,45328400.0
125,2012-06-29,30.45,30.69,30.14,30.59,,24.64,55227200.0
126,2012-07-02,30.62,30.62,30.21,30.56,,24.61,30589100.0
127,2012-07-03,30.23,30.76,30.17,30.76,,24.77,20938100.0
128,2012-07-05,30.59,30.78,30.38,30.7,,24.72,28801900.0
129,2012-07-06,30.61,30.7,29.95,30.19,,24.31,38294800.0
130,2012-07-09,30.12,30.23,29.78,30.0,,24.16,30680800.0
131,2012-07-10,30.08,30.22,29.51,29.74,,23.95,37534100.0
132,2012-07-11,29.71,29.74,29.11,29.3,,23.6,39184900.0
133,2012-07-12,29.15,29.18,28.54,28.63,,23.06,63523600.0
134,2012-07-13,28.76,29.48,28.72,29.39,,23.67,39085000.0
135,2012-07-16,29.48,29.53,29.04,29.44,,23.71,27900600.0
136,2012-07-17,29.64,29.86,29.2,29.66,,23.89,33771300.0
137,2012-07-18,29.6,30.45,29.46,30.45,,24.52,41090400.0
138,2012-07-19,30.51,30.8,30.38,30.67,,24.7,46663200.0
139,2012-07-20,31.0,31.05,30.05,30.12,,24.26,64021700.0
140,2012-07-23,29.57,29.58,29.01,29.28,,23.58,55151900.0
141,2012-07-24,29.24,29.36,28.9,29.15,,23.48,47723300.0
142,2012-07-25,29.24,29.33,28.78,28.83,,23.22,45579500.0
143,2012-07-26,29.23,29.5,29.09,29.16,,23.48,45301400.0
144,2012-07-27,29.48,29.85,29.18,29.76,,23.97,44242600.0
145,2012-07-30,29.75,29.82,29.46,29.64,,23.87,28905000.0
146,2012-07-31,29.48,29.71,29.33,29.47,,23.73,37620900.0
147,2012-08-01,29.59,29.65,29.21,29.41,,23.68,31721800.0
148,2012-08-02,29.21,29.53,28.97,29.19,,23.51,39520500.0
149,2012-08-03,29.53,29.94,29.48,29.75,,23.96,35859400.0
150,2012-08-06,30.0,30.11,29.81,29.95,,24.12,27471800.0
151,2012-08-07,30.07,30.35,29.87,30.26,,24.37,28002900.0
152,2012-08-08,30.21,30.47,30.11,30.33,,24.43,26257600.0
153,2012-08-09,30.39,30.65,30.3,30.5,,24.56,24920800.0
154,2012-08-10,30.5,30.62,30.25,30.42,,24.5,27810300.0
155,2012-08-13,30.35,30.46,30.16,30.39,,24.47,23049100.0
156,2012-08-14,30.3,30.39,30.01,30.13,,24.43,34551400.0
157,2012-08-15,30.11,30.28,30.02,30.2,,24.48,24351000.0
158,2012-08-16,30.36,30.94,30.26,30.78,,24.95,35787200.0
159,2012-08-17,30.92,30.92,30.59,30.9,,25.05,32589900.0
160,2012-08-20,30.82,30.85,30.58,30.74,,24.92,23737700.0
161,2012-08-21,30.76,30.96,30.61,30.8,,24.97,28822700.0
162,2012-08-22,30.59,30.76,30.47,30.54,,24.76,33437400.0
163,2012-08-23,30.39,30.4,30.08,30.26,,24.53,28355600.0
164,2012-08-24,30.25,30.63,30.18,30.56,,24.77,22943300.0
165,2012-08-27,30.93,30.96,30.59,30.69,,24.88,34691100.0
166,2012-08-28,30.7,30.8,30.52,30.63,,24.83,23947900.0
167,2012-08-29,30.65,30.75,30.44,30.65,,24.85,23346800.0
168,2012-08-30,30.53,30.61,30.22,30.32,,24.58,23982100.0
169,2012-08-31,30.6,30.96,30.38,30.82,,24.98,36590100.0
170,2012-09-04,30.45,30.66,30.15,30.39,,24.64,48556700.0
171,2012-09-05,30.22,30.53,30.21,30.39,,24.64,33650000.0
172,2012-09-06,30.5,31.36,30.46,31.35,,25.41,48371700.0
173,2012-09-07,31.04,31.07,30.73,30.95,,25.09,42649100.0
174,2012-09-10,30.83,30.9,30.51,30.72,,24.9,40524000.0
175,2012-09-11,30.69,30.91,30.61,30.79,,24.96,25191800.0
176,2012-09-12,30.94,31.18,30.73,30.78,,24.95,32775800.0
177,2012-09-13,30.89,31.18,30.4,30.94,,25.08,45047300.0
178,2012-09-14,31.01,31.25,30.81,31.21,,25.3,51422800.0
179,2012-09-17,31.19,31.26,31.04,31.21,,25.3,36488500.0
180,2012-09-18,31.1,31.21,31.03,31.18,,25.28,34542700.0
181,2012-09-19,31.09,31.19,31.04,31.05,,25.17,48871900.0
182,2012-09-20,30.95,31.48,30.91,31.45,,25.5,45543000.0
183,2012-09-21,31.43,31.61,31.09,31.19,,25.28,102348900.0
184,2012-09-24,31.0,31.07,30.64,30.78,,24.95,46825900.0
185,2012-09-25,30.95,31.0,30.36,30.39,,24.64,54266400.0
186,2012-09-26,30.28,30.6,30.04,30.17,,24.46,54672000.0
187,2012-09-27,30.17,30.4,29.89,30.16,,24.45,47129900.0
188,2012-09-28,30.18,30.26,29.74,29.76,,24.13,54229300.0
189,2012-10-01,29.81,29.98,29.42,29.49,,23.91,54042700.0
190,2012-10-02,29.68,29.89,29.5,29.66,,24.04,43338900.0
191,2012-10-03,29.75,29.99,29.67,29.86,,24.21,46655900.0
192,2012-10-04,29.97,30.03,29.57,30.03,,24.34,43634900.0
193,2012-10-05,30.23,30.25,29.74,29.85,,24.2,41133900.0
194,2012-10-08,29.64,29.92,29.55,29.78,,24.14,29752000.0
195,2012-10-09,29.68,29.74,29.18,29.28,,23.74,45121100.0
196,2012-10-10,29.15,29.31,28.95,28.98,,23.49,47227100.0
197,2012-10-11,29.22,29.25,28.87,28.95,,23.47,41488500.0
198,2012-10-12,28.97,29.32,28.8,29.2,,23.67,46464700.0
199,2012-10-15,29.37,29.72,29.25,29.51,,23.92,42440200.0
200,2012-10-16,29.45,29.74,29.32,29.49,,23.91,47739400.0
201,2012-10-17,29.3,29.64,29.09,29.59,,23.99,44206100.0
202,2012-10-18,29.65,29.73,29.26,29.5,,23.91,59238500.0
203,2012-10-19,29.05,29.08,28.5,28.64,,23.22,90470800.0
204,2012-10-22,28.73,28.83,27.83,28.0,,22.7,83374000.0
205,2012-10-23,27.77,28.2,27.76,28.05,,22.74,64414800.0
206,2012-10-24,28.16,28.2,27.87,27.9,,22.62,53320400.0
207,2012-10-25,28.19,28.2,27.86,27.88,,22.6,54084300.0
208,2012-10-26,27.86,28.34,27.84,28.21,,22.87,57790000.0
209,2012-10-31,28.55,28.88,28.5,28.54,,23.14,69464100.0
210,2012-11-01,28.84,29.56,28.82,29.52,,23.93,72047900.0
211,2012-11-02,29.59,29.77,29.33,29.5,,23.91,57131600.0
212,2012-11-05,29.62,29.74,29.33,29.63,,24.02,38070800.0
213,2012-11-06,29.82,30.2,29.61,29.86,,24.21,43401500.0
214,2012-11-07,29.53,29.83,29.05,29.08,,23.57,57871800.0
215,2012-11-08,29.12,29.37,28.8,28.81,,23.36,49841800.0
216,2012-11-09,28.88,29.19,28.81,28.83,,23.37,43291200.0
217,2012-11-12,28.94,29.01,28.21,28.22,,22.88,61112300.0
218,2012-11-13,27.02,27.3,26.75,27.09,,22.14,131689200.0
219,2012-11-14,27.24,27.29,26.8,26.84,,21.94,76086100.0
220,2012-11-15,26.88,26.97,26.63,26.66,,21.79,50955600.0
221,2012-11-16,26.67,26.7,26.34,26.52,,21.68,64083300.0
222,2012-11-19,26.8,26.8,26.47,26.73,,21.85,57179300.0
223,2012-11-20,26.76,26.8,26.46,26.71,,21.83,47070400.0
224,2012-11-21,26.71,27.17,26.67,26.95,,22.03,66360300.0
225,2012-11-23,27.23,27.77,27.2,27.7,,22.64,57845700.0
226,2012-11-26,27.54,27.58,27.17,27.39,,22.39,85198700.0
227,2012-11-27,27.36,27.38,27.04,27.08,,22.13,45018600.0
228,2012-11-28,27.01,27.39,26.77,27.36,,22.36,53018400.0
229,2012-11-29,27.11,27.36,26.86,26.95,,22.03,69551400.0
230,2012-11-30,27.05,27.13,26.49,26.62,,21.76,83690200.0
231,2012-12-03,26.78,26.82,26.4,26.43,,21.6,53173800.0
232,2012-12-04,26.5,26.63,26.34,26.37,,21.55,49777500.0
233,2012-12-05,26.38,26.93,26.26,26.67,,21.8,68283800.0
234,2012-12-06,26.81,26.98,26.61,26.73,,21.85,39182300.0
235,2012-12-07,26.82,26.82,26.37,26.46,,21.63,46162100.0
236,2012-12-10,26.56,26.97,26.52,26.94,,22.02,47031100.0
237,2012-12-11,27.05,27.49,27.05,27.32,,22.33,52282800.0
238,2012-12-12,27.53,27.62,27.08,27.24,,22.26,43966300.0
239,2012-12-13,27.32,27.52,26.95,27.11,,22.16,45080100.0
240,2012-12-14,27.11,27.13,26.7,26.81,,21.91,42077500.0
241,2012-12-17,26.79,27.22,26.68,27.1,,22.15,42046100.0
242,2012-12-18,27.25,27.63,27.14,27.56,,22.53,50486900.0
243,2012-12-19,27.69,27.73,27.25,27.31,,22.32,53519900.0
244,2012-12-20,27.36,27.68,27.15,27.68,,22.62,52607300.0
245,2012-12-21,27.45,27.49,27.0,27.45,,22.44,98776500.0
246,2012-12-24,27.2,27.25,27.0,27.06,,22.12,20842400.0
247,2012-12-26,27.03,27.2,26.7,26.86,,21.95,31631100.0
248,2012-12-27,26.89,27.09,26.57,26.96,,22.04,39394000.0
249,2012-12-28,26.71,26.9,26.55,26.55,,21.7,28239900.0
250,2012-12-31,26.59,26.77,26.37,26.71,,21.83,42749500.0
251,2013-01-02,27.25,27.73,27.15,27.62,,22.57,52899300.0
252,2013-01-03,27.63,27.65,27.16,27.25,,22.27,48294400.0
253,2013-01-04,27.27,27.34,26.73,26.74,,21.86,52521100.0
254,2013-01-07,26.77,26.88,26.64,26.69,,21.81,37110400.0
255,2013-01-08,26.75,26.79,26.46,26.55,,21.7,44703100.0
256,2013-01-09,26.72,26.75,26.56,26.7,,21.82,49047900.0
257,2013-01-10,26.65,26.98,26.29,26.46,,21.63,71431300.0
258,2013-01-11,26.49,26.93,26.28,26.83,,21.93,55512100.0
259,2013-01-14,26.9,27.08,26.76,26.89,,21.98,48324400.0
260,2013-01-15,26.83,27.29,26.83,27.21,,22.24,48244500.0
261,2013-01-16,27.15,27.23,27.01,27.04,,22.1,41077400.0
262,2013-01-17,27.19,27.47,27.06,27.25,,22.27,51685900.0
263,2013-01-18,27.1,27.29,27.04,27.25,,22.27,52167700.0
264,2013-01-22,27.3,27.45,27.0,27.15,,22.19,58650600.0
265,2013-01-23,27.2,27.64,27.2,27.61,,22.57,50387700.0
266,2013-01-24,27.7,28.07,27.47,27.63,,22.58,101739300.0
267,2013-01-25,27.58,28.23,27.39,27.88,,22.79,81847700.0
268,2013-01-28,28.01,28.23,27.76,27.91,,22.81,56056500.0
269,2013-01-29,27.82,28.13,27.6,28.01,,22.89,49242600.0
270,2013-01-30,28.01,28.19,27.76,27.85,,22.76,43580500.0
271,2013-01-31,27.79,27.97,27.4,27.45,,22.44,50530000.0
272,2013-02-01,27.67,28.05,27.55,27.93,,22.83,55565900.0
273,2013-02-04,27.87,28.02,27.42,27.44,,22.43,50540000.0
274,2013-02-05,27.62,27.66,27.36,27.5,,22.48,35410400.0
275,2013-02-06,27.38,27.54,27.25,27.34,,22.35,41889600.0
276,2013-02-07,27.35,27.39,27.1,27.28,,22.3,38028300.0
277,2013-02-08,27.35,27.71,27.31,27.55,,22.52,33318500.0
278,2013-02-11,27.65,27.92,27.5,27.86,,22.77,32247700.0
279,2013-02-12,27.88,28.0,27.75,27.88,,22.79,35990900.0
280,2013-02-13,27.93,28.11,27.88,28.03,,22.91,41715600.0
281,2013-02-14,27.92,28.06,27.87,28.04,,22.92,32663200.0
282,2013-02-15,28.04,28.16,27.88,28.01,,22.89,49650900.0
283,2013-02-19,27.88,28.09,27.8,28.05,,23.12,38781400.0
284,2013-02-20,28.13,28.2,27.83,27.87,,22.97,44110200.0
285,2013-02-21,27.74,27.74,27.23,27.49,,22.65,49078500.0
286,2013-02-22,27.68,27.76,27.48,27.76,,22.88,31425900.0
287,2013-02-25,27.97,28.05,27.37,27.37,,22.56,48011800.0
288,2013-02-26,27.38,27.6,27.34,27.37,,22.56,49923300.0
289,2013-02-27,27.42,28.0,27.33,27.81,,22.92,36394700.0
290,2013-02-28,27.88,27.97,27.74,27.8,,22.91,35840200.0
291,2013-03-01,27.72,27.98,27.52,27.95,,23.03,34849700.0
292,2013-03-04,27.85,28.15,27.7,28.15,,23.2,38157500.0
293,2013-03-05,28.29,28.54,28.16,28.35,,23.36,41432200.0
294,2013-03-06,28.21,28.23,27.78,28.09,,23.15,51448500.0
295,2013-03-07,28.11,28.28,28.01,28.14,,23.19,29196700.0
296,2013-03-08,28.25,28.33,27.96,28.0,,23.07,37667800.0
297,2013-03-11,27.94,27.97,27.67,27.87,,22.97,36627500.0
298,2013-03-12,27.84,27.95,27.64,27.91,,23.0,39255200.0
299,2013-03-13,27.87,28.02,27.75,27.92,,23.01,29093400.0
300,2013-03-14,28.0,28.16,27.93,28.14,,23.19,55914800.0
301,2013-03-15,28.03,28.16,27.98,28.04,,23.11,92710300.0
302,2013-03-18,27.88,28.28,27.81,28.1,,23.16,44809400.0
303,2013-03-19,28.12,28.22,28.03,28.18,,23.22,51901600.0
304,2013-03-20,28.34,28.49,28.18,28.32,,23.34,35447800.0
305,2013-03-21,28.11,28.36,28.05,28.11,,23.17,34233200.0
306,2013-03-22,28.19,28.34,28.1,28.25,,23.28,28720900.0
307,2013-03-25,28.3,28.35,27.96,28.16,,23.21,44154000.0
308,2013-03-26,28.24,28.34,28.11,28.16,,23.21,27824300.0
309,2013-03-27,28.14,28.45,28.08,28.37,,23.38,36047400.0
310,2013-03-28,28.32,28.66,28.26,28.61,,23.58,55453800.0
311,2013-04-01,28.64,28.66,28.36,28.61,,23.58,29201100.0
312,2013-04-02,28.59,28.85,28.52,28.8,,23.73,28456500.0
313,2013-04-03,28.75,28.95,28.54,28.56,,23.54,35062800.0
314,2013-04-04,28.39,28.61,28.27,28.6,,23.57,45263200.0
315,2013-04-05,28.22,28.78,28.11,28.7,,23.65,50927300.0
316,2013-04-08,28.73,28.73,28.47,28.59,,23.56,34759500.0
317,2013-04-09,28.73,29.82,28.68,29.61,,24.4,77733800.0
318,2013-04-10,29.57,30.32,29.52,30.28,,24.95,71116700.0
319,2013-04-11,29.1,29.2,28.73,28.94,,23.85,130923200.0
320,2013-04-12,28.85,29.02,28.66,28.79,,23.73,62886300.0
321,2013-04-15,28.65,28.98,28.51,28.69,,23.64,56332900.0
322,2013-04-16,28.9,29.14,28.7,28.97,,23.87,52797300.0
323,2013-04-17,28.85,29.04,28.6,28.83,,23.76,52840700.0
324,2013-04-18,28.95,28.98,28.5,28.79,,23.73,56906600.0
325,2013-04-19,29.62,30.24,29.61,29.77,,24.53,99790700.0
326,2013-04-22,30.3,31.18,30.27,30.83,,25.41,137904000.0
327,2013-04-23,30.7,30.9,30.38,30.6,,25.22,59126900.0
328,2013-04-24,30.62,31.92,30.6,31.76,,26.17,90946600.0
329,2013-04-25,31.71,32.84,31.54,31.94,,26.32,110700200.0
330,2013-04-26,31.9,31.98,31.45,31.79,,26.2,47799300.0
331,2013-04-29,31.8,32.68,31.77,32.61,,26.87,59116400.0
332,2013-04-30,32.56,33.11,32.28,33.1,,27.28,75165200.0
333,2013-05-01,32.93,33.08,32.6,32.72,,26.96,54330900.0
334,2013-05-02,32.63,33.17,32.39,33.16,,27.33,46059500.0
335,2013-05-03,33.23,33.52,33.08,33.49,,27.6,46784600.0
336,2013-05-06,33.42,33.91,33.25,33.75,,27.81,40978300.0
337,2013-05-07,33.65,33.79,33.24,33.31,,27.45,43078300.0
338,2013-05-08,33.07,33.24,32.65,32.99,,27.19,51595700.0
339,2013-05-09,32.85,33.0,32.59,32.66,,26.91,46417800.0
340,2013-05-10,32.67,32.72,32.32,32.69,,26.94,36394900.0
341,2013-05-13,32.61,33.07,32.55,33.03,,27.22,36027600.0
342,2013-05-14,32.86,33.53,32.8,33.53,,27.83,56870100.0
343,2013-05-15,33.45,33.9,33.43,33.85,,28.09,46303900.0
344,2013-05-16,33.64,34.15,33.55,34.08,,28.28,59382900.0
345,2013-05-17,34.13,34.87,34.1,34.87,,28.94,60666700.0
346,2013-05-20,34.73,35.1,34.68,35.08,,29.11,54020800.0
347,2013-05-21,35.1,35.27,34.72,34.85,,28.92,48702400.0
348,2013-05-22,34.79,34.84,34.36,34.61,,28.72,66047500.0
349,2013-05-23,34.23,34.55,33.9,34.15,,28.34,51102700.0
350,2013-05-24,33.92,34.28,33.9,34.27,,28.44,33174400.0
351,2013-05-28,34.42,35.18,34.41,35.02,,29.06,48212100.0
352,2013-05-29,34.74,35.02,34.57,34.88,,28.95,38412200.0
353,2013-05-30,34.85,35.25,34.81,35.03,,29.07,51131000.0
354,2013-05-31,34.82,35.28,34.79,34.9,,28.96,56165700.0
355,2013-06-03,34.92,35.63,34.83,35.59,,29.54,51252600.0
356,2013-06-04,35.62,35.74,34.77,34.99,,29.04,65529500.0
357,2013-06-05,34.6,34.89,34.43,34.78,,28.86,46025100.0
358,2013-06-06,34.84,35.11,34.49,34.96,,29.01,37618500.0
359,2013-06-07,35.25,35.78,35.06,35.67,,29.6,40757300.0
360,2013-06-10,35.51,35.65,35.14,35.47,,29.44,35994500.0
361,2013-06-11,35.05,35.18,34.68,34.84,,28.91,39435900.0
362,2013-06-12,35.14,35.27,34.85,35.0,,29.05,37372700.0
363,2013-06-13,34.99,35.02,34.59,34.72,,28.81,45654900.0
364,2013-06-14,34.55,34.69,34.25,34.4,,28.55,53192600.0
365,2013-06-17,34.69,35.16,34.63,35.0,,29.05,49670100.0
366,2013-06-18,34.97,35.17,34.9,34.98,,29.03,28616500.0
367,2013-06-19,34.96,35.09,34.59,34.59,,28.71,30816200.0
368,2013-06-20,34.26,34.33,33.37,33.49,,27.79,54493700.0
369,2013-06-21,33.66,33.73,33.05,33.27,,27.61,85338500.0
370,2013-06-24,32.94,34.2,32.57,33.72,,27.98,56109000.0
371,2013-06-25,34.08,34.38,33.46,33.67,,27.94,44073400.0
372,2013-06-26,34.12,34.48,33.89,34.35,,28.51,48665900.0
373,2013-06-27,34.52,34.78,34.5,34.62,,28.73,28993100.0
374,2013-06-28,34.38,34.79,34.34,34.54,,28.66,65545500.0
375,2013-07-01,34.75,34.99,34.33,34.36,,28.51,31055400.0
376,2013-07-02,34.41,34.44,33.63,33.94,,28.17,37630000.0
377,2013-07-03,33.66,34.37,33.6,34.01,,28.22,15994400.0
378,2013-07-05,34.09,34.24,33.58,34.21,,28.39,26085900.0
379,2013-07-08,34.35,34.59,33.98,34.33,,28.49,32396900.0
380,2013-07-09,34.58,34.6,34.14,34.35,,28.51,25318500.0
381,2013-07-10,34.34,34.81,34.32,34.7,,28.8,29658800.0
382,2013-07-11,35.0,35.77,34.9,35.69,,29.62,53638300.0
383,2013-07-12,35.58,35.73,35.28,35.67,,29.6,35501200.0
384,2013-07-15,35.66,36.22,35.58,36.17,,30.02,34142600.0
385,2013-07-16,36.01,36.43,35.96,36.27,,30.1,36378500.0
386,2013-07-17,36.34,36.39,35.49,35.74,,29.66,37285100.0
387,2013-07-18,35.72,35.89,35.22,35.44,,29.41,49547100.0
388,2013-07-19,32.4,32.67,31.02,31.4,,26.06,248428500.0
389,2013-07-22,31.7,32.01,31.6,32.01,,26.56,79040700.0
390,2013-07-23,31.91,32.04,31.71,31.82,,26.41,65810400.0
391,2013-07-24,32.04,32.19,31.89,31.96,,26.52,52803100.0
392,2013-07-25,31.62,31.65,31.25,31.39,,26.05,63213000.0
393,2013-07-26,31.26,31.62,31.21,31.62,,26.24,38633600.0
394,2013-07-29,31.47,31.6,31.4,31.54,,26.17,28870700.0
395,2013-07-30,31.78,32.12,31.55,31.85,,26.43,45799500.0
396,2013-07-31,31.97,32.05,31.71,31.84,,26.42,43898400.0
397,2013-08-01,32.06,32.09,31.6,31.67,,26.28,42557900.0
398,2013-08-02,31.69,31.9,31.57,31.89,,26.46,29199900.0
399,2013-08-05,31.9,32.0,31.64,31.7,,26.31,30984000.0
400,2013-08-06,31.55,31.67,31.38,31.58,,26.21,36331500.0
401,2013-08-07,31.54,32.1,31.25,32.06,,26.61,38078600.0
402,2013-08-08,32.24,33.07,32.05,32.89,,27.29,59034400.0
403,2013-08-09,32.77,32.9,32.47,32.7,,27.14,26800700.0
404,2013-08-12,32.46,32.97,32.46,32.87,,27.28,25493700.0
405,2013-08-13,32.51,32.55,32.21,32.23,,26.94,39464100.0
406,2013-08-14,32.14,33.36,31.7,32.35,,27.04,48519600.0
407,2013-08-15,32.0,32.18,30.84,31.79,,26.57,33338000.0
408,2013-08-16,31.79,31.99,31.66,31.8,,26.58,32866300.0
409,2013-08-19,31.76,31.97,31.38,31.39,,26.23,27902500.0
410,2013-08-20,31.44,31.9,31.37,31.62,,26.43,22979600.0
411,2013-08-21,31.61,32.01,31.54,31.61,,26.42,37409100.0
412,2013-08-22,32.19,32.49,32.1,32.39,,27.07,31169900.0
413,2013-08-23,35.17,35.2,34.0,34.75,,29.04,225493800.0
414,2013-08-26,34.4,34.67,34.03,34.15,,28.54,72786800.0
415,2013-08-27,33.52,34.1,33.15,33.26,,27.8,58522300.0
416,2013-08-28,33.39,33.6,33.0,33.02,,27.6,44257400.0
417,2013-08-29,32.93,33.6,32.8,33.55,,28.04,45284700.0
418,2013-08-30,33.37,33.48,33.09,33.4,,27.91,42790200.0
419,2013-09-03,31.75,32.07,31.29,31.88,,26.64,154507000.0
420,2013-09-04,31.39,31.47,31.11,31.2,,26.07,142320600.0
421,2013-09-05,31.1,31.44,30.95,31.23,,26.1,71644900.0
422,2013-09-06,31.31,31.39,31.13,31.15,,26.03,75434900.0
423,2013-09-09,31.22,31.79,31.2,31.66,,26.46,49628500.0
424,2013-09-10,31.9,32.4,31.79,32.39,,27.07,56881200.0
425,2013-09-11,32.57,32.93,32.53,32.74,,27.36,39087500.0
426,2013-09-12,32.72,32.78,32.59,32.69,,27.32,32860200.0
427,2013-09-13,32.77,33.07,32.51,33.03,,27.6,40899000.0
428,2013-09-16,33.38,33.5,32.73,32.8,,27.41,52839700.0
429,2013-09-17,33.42,33.47,32.9,32.93,,27.52,84716500.0
430,2013-09-18,32.99,33.4,32.83,33.32,,27.85,64099900.0
431,2013-09-19,33.48,33.68,33.32,33.64,,28.11,42026600.0
432,2013-09-20,33.41,33.48,32.69,32.79,,27.4,102904900.0
433,2013-09-23,32.54,32.97,32.5,32.74,,27.36,39826100.0
434,2013-09-24,32.87,32.87,32.15,32.45,,27.12,40685000.0
435,2013-09-25,32.49,32.8,32.4,32.51,,27.17,28907500.0
436,2013-09-26,32.64,33.0,32.59,32.77,,27.39,28504000.0
437,2013-09-27,32.88,33.75,32.87,33.27,,27.8,55348000.0
438,2013-09-30,33.0,33.31,32.7,33.28,,27.81,39839500.0
439,2013-10-01,33.35,33.61,33.3,33.58,,28.06,36718700.0
440,2013-10-02,33.36,34.03,33.29,33.92,,28.35,46946800.0
441,2013-10-03,33.88,34.0,33.42,33.86,,28.3,38703800.0
442,2013-10-04,33.69,33.99,33.62,33.88,,28.31,33008100.0
443,2013-10-07,33.6,33.71,33.2,33.3,,27.83,35069300.0
444,2013-10-08,33.31,33.33,32.8,33.01,,27.59,41017600.0
445,2013-10-09,33.07,33.35,32.96,33.07,,27.64,35878600.0
446,2013-10-10,33.31,33.89,33.26,33.76,,28.21,42875100.0
447,2013-10-11,33.68,34.14,33.68,34.13,,28.52,30033300.0
448,2013-10-14,33.9,34.5,33.78,34.45,,28.79,27757900.0
449,2013-10-15,34.67,34.99,34.47,34.49,,28.82,47097800.0
450,2013-10-16,34.6,34.9,34.56,34.64,,28.95,35111600.0
451,2013-10-17,34.45,34.99,34.37,34.92,,29.18,31359200.0
452,2013-10-18,34.82,34.99,34.33,34.96,,29.22,41811700.0
453,2013-10-21,34.98,35.2,34.91,34.99,,29.24,27433500.0
454,2013-10-22,35.02,35.1,34.52,34.58,,28.9,40438500.0
455,2013-10-23,34.35,34.49,33.67,33.76,,28.21,58600500.0
456,2013-10-24,33.82,34.1,33.57,33.72,,28.18,53209700.0
457,2013-10-25,35.88,36.29,35.47,35.73,,29.86,113494000.0
458,2013-10-28,35.61,35.73,35.27,35.57,,29.73,38383600.0
459,2013-10-29,35.63,35.72,35.26,35.52,,29.68,31702200.0
460,2013-10-30,35.53,35.79,35.43,35.54,,29.7,36997700.0
461,2013-10-31,35.66,35.69,35.34,35.41,,29.59,41682300.0
462,2013-11-01,35.67,35.69,35.39,35.53,,29.69,40264600.0
463,2013-11-04,35.59,35.98,35.55,35.94,,30.04,28060700.0
464,2013-11-05,35.79,36.71,35.77,36.64,,30.62,51681900.0
465,2013-11-06,37.24,38.22,37.06,38.18,,31.91,88948800.0
466,2013-11-07,37.96,38.01,37.43,37.5,,31.34,60437400.0
467,2013-11-08,37.67,37.78,37.34,37.78,,31.57,36737800.0
468,2013-11-11,37.69,37.78,37.35,37.59,,31.41,26872500.0
469,2013-11-12,37.38,37.6,37.2,37.36,,31.22,31651600.0
470,2013-11-13,36.98,38.16,36.9,38.16,,31.89,44957600.0
471,2013-11-14,37.87,38.13,37.72,38.02,,31.77,46183700.0
472,2013-11-15,37.95,38.02,37.72,37.84,,31.62,50601300.0
473,2013-11-18,37.35,37.58,37.07,37.2,,31.09,53277500.0
474,2013-11-19,36.85,37.23,36.67,36.74,,30.94,44275000.0
475,2013-11-20,36.92,37.41,36.86,37.08,,31.22,32229900.0
476,2013-11-21,37.27,37.53,37.26,37.4,,31.49,23064700.0
477,2013-11-22,37.53,37.68,37.33,37.57,,31.64,27982000.0
478,2013-11-25,37.93,37.95,37.57,37.64,,31.69,30646800.0
479,2013-11-26,37.57,37.65,37.35,37.35,,31.45,34465300.0
480,2013-11-27,37.57,37.76,37.49,37.6,,31.66,26002100.0
481,2013-11-29,37.82,38.29,37.82,38.13,,32.11,22090400.0
482,2013-12-02,38.09,38.78,38.06,38.45,,32.38,42950400.0
483,2013-12-03,38.14,38.49,38.08,38.31,,32.26,52109800.0
484,2013-12-04,38.21,38.98,38.12,38.94,,32.79,51983600.0
485,2013-12-05,38.85,38.88,37.18,38.0,,32.0,116305000.0
486,2013-12-06,38.42,38.55,37.99,38.36,,32.3,36457300.0
487,2013-12-09,38.56,38.87,38.37,38.71,,32.6,30286000.0
488,2013-12-10,38.61,38.9,38.02,38.11,,32.09,37828600.0
489,2013-12-11,38.06,38.3,37.39,37.61,,31.67,39853400.0
490,2013-12-12,37.64,37.64,37.18,37.22,,31.34,36012800.0
491,2013-12-13,37.42,37.45,36.62,36.69,,30.9,40066100.0
492,2013-12-16,36.73,37.0,36.54,36.89,,31.06,31734200.0
493,2013-12-17,36.94,37.11,36.33,36.52,,30.75,45687700.0
494,2013-12-18,36.36,36.6,35.53,36.58,,30.8,63192100.0
495,2013-12-19,36.51,36.55,36.08,36.25,,30.52,34160100.0
496,2013-12-20,36.2,36.93,36.19,36.8,,30.99,62649100.0
497,2013-12-23,36.81,36.89,36.55,36.62,,30.84,25128700.0
498,2013-12-24,36.72,37.17,36.64,37.08,,31.22,14243000.0
499,2013-12-26,37.2,37.49,37.17,37.44,,31.53,17612800.0
500,2013-12-27,37.58,37.62,37.17,37.29,,31.4,14563000.0
501,2013-12-30,37.22,37.38,36.9,37.29,,31.4,16290500.0
502,2013-12-31,37.4,37.58,37.22,37.41,,31.5,17503500.0
503,2014-01-02,37.35,37.4,37.1,37.16,,31.29,30632200.0
504,2014-01-03,37.2,37.22,36.6,36.91,,31.08,31134800.0
505,2014-01-06,36.85,36.89,36.11,36.13,,30.42,43603700.0
506,2014-01-07,36.33,36.49,36.21,36.41,,30.66,35802800.0
507,2014-01-08,36.0,36.14,35.58,35.76,,30.11,59971700.0
508,2014-01-09,35.88,35.91,35.4,35.53,,29.92,36516300.0
509,2014-01-10,35.9,36.15,35.75,36.04,,30.35,40548800.0
510,2014-01-13,35.99,36.02,34.83,34.98,,29.46,45901900.0
511,2014-01-14,34.73,35.88,34.63,35.78,,30.13,41623300.0
512,2014-01-15,35.9,36.79,35.85,36.76,,30.95,44812600.0
513,2014-01-16,36.69,37.0,36.31,36.89,,31.06,38018700.0
514,2014-01-17,36.83,36.83,36.15,36.38,,30.63,46267500.0
515,2014-01-21,36.82,36.82,36.06,36.17,,30.46,31567300.0
516,2014-01-22,36.26,36.32,35.75,35.93,,30.26,21904300.0
517,2014-01-23,36.09,36.13,35.52,36.06,,30.36,43954000.0
518,2014-01-24,37.45,37.55,36.53,36.81,,31.0,76395500.0
519,2014-01-27,36.87,36.89,35.98,36.03,,30.34,44420800.0
520,2014-01-28,36.12,36.39,35.75,36.27,,30.54,36205500.0
521,2014-01-29,35.98,36.88,35.9,36.66,,30.87,52745900.0
522,2014-01-30,36.79,36.88,36.23,36.86,,31.04,35036300.0
523,2014-01-31,36.95,37.89,36.56,37.84,,31.86,93162300.0
524,2014-02-03,37.74,37.99,36.43,36.48,,30.72,64063100.0
525,2014-02-04,36.97,37.19,36.25,36.35,,30.61,54697900.0
526,2014-02-05,36.29,36.47,35.8,35.82,,30.16,55814400.0
527,2014-02-06,35.8,36.25,35.69,36.18,,30.47,35351800.0
528,2014-02-07,36.32,36.59,36.01,36.56,,30.79,33260500.0
529,2014-02-10,36.63,36.8,36.29,36.8,,30.99,26767000.0
530,2014-02-11,36.88,37.26,36.86,37.17,,31.3,32141400.0
531,2014-02-12,37.35,37.6,37.3,37.47,,31.55,27051800.0
532,2014-02-13,37.33,37.86,37.33,37.61,,31.67,37635500.0
533,2014-02-14,37.39,37.78,37.33,37.62,,31.68,31407500.0
534,2014-02-18,37.63,37.78,37.41,37.42,,31.75,32834000.0
535,2014-02-19,37.22,37.75,37.21,37.51,,31.82,29750400.0
536,2014-02-20,37.57,37.87,37.4,37.75,,32.03,27526100.0
537,2014-02-21,37.94,38.35,37.86,37.98,,32.22,38021300.0
538,2014-02-24,37.69,37.98,37.54,37.69,,31.98,32085100.0
539,2014-02-25,37.61,37.85,37.35,37.54,,31.85,30736500.0
540,2014-02-26,37.58,37.74,37.19,37.47,,31.79,41041800.0
541,2014-02-27,37.45,37.89,37.23,37.86,,32.12,33903400.0
542,2014-02-28,37.98,38.46,37.82,38.31,,32.5,41215000.0
543,2014-03-03,37.92,38.13,37.49,37.78,,32.05,29717500.0
544,2014-03-04,38.2,38.48,38.07,38.41,,32.59,26802400.0
545,2014-03-05,38.25,38.27,37.93,38.11,,32.33,20520100.0
546,2014-03-06,38.14,38.24,37.89,38.15,,32.37,23582200.0
547,2014-03-07,38.28,38.36,37.69,37.9,,32.15,26591600.0
548,2014-03-10,37.99,38.01,37.72,37.82,,32.09,19006600.0
549,2014-03-11,37.87,38.23,37.72,38.02,,32.26,25216400.0
550,2014-03-12,37.8,38.43,37.79,38.27,,32.47,30494100.0
551,2014-03-13,38.42,38.45,37.64,37.89,,32.14,32169700.0
552,2014-03-14,37.65,38.14,37.51,37.7,,31.98,27195600.0
553,2014-03-17,37.9,38.41,37.79,38.05,,32.28,20479600.0
554,2014-03-18,38.26,39.9,38.22,39.55,,33.55,64063900.0
555,2014-03-19,39.47,39.55,38.91,39.27,,33.32,35597200.0
556,2014-03-20,39.25,40.65,39.24,40.33,,34.21,59269800.0
557,2014-03-21,40.72,40.94,40.01,40.16,,34.07,80721800.0
558,2014-03-24,40.34,40.64,39.86,40.5,,34.36,46098400.0
559,2014-03-25,40.66,40.99,39.96,40.34,,34.22,43193100.0
560,2014-03-26,40.48,40.71,39.6,39.79,,33.76,41977500.0
561,2014-03-27,39.74,39.97,39.34,39.36,,33.39,35369200.0
562,2014-03-28,39.79,40.64,39.68,40.3,,34.19,43472700.0
563,2014-03-31,40.43,41.5,40.4,40.99,,34.77,46886300.0
564,2014-04-01,41.15,41.59,41.07,41.42,,35.14,32605000.0
565,2014-04-02,41.44,41.66,41.17,41.35,,35.08,28666700.0
566,2014-04-03,41.29,41.29,40.71,41.01,,34.79,30139600.0
567,2014-04-04,41.25,41.39,39.64,39.87,,33.82,51409600.0
568,2014-04-07,39.96,40.27,39.74,39.8,,33.77,37559600.0
569,2014-04-08,39.75,39.93,39.2,39.82,,33.78,35918600.0
570,2014-04-09,39.93,40.55,39.88,40.47,,34.33,27398700.0
571,2014-04-10,40.44,40.69,39.09,39.36,,33.39,45960800.0
572,2014-04-11,39.0,39.79,39.0,39.21,,33.26,34330200.0
573,2014-04-14,39.11,39.41,38.9,39.18,,33.24,32006600.0
574,2014-04-15,39.34,39.96,39.05,39.75,,33.72,33968700.0
575,2014-04-16,40.06,40.42,39.91,40.4,,34.27,30615800.0
576,2014-04-17,40.01,40.2,39.51,40.01,,33.94,36688400.0
577,2014-04-21,40.13,40.15,39.79,39.94,,33.88,22221200.0
578,2014-04-22,39.96,40.14,39.83,39.99,,33.93,27056700.0
579,2014-04-23,39.99,39.99,39.47,39.69,,33.67,24602800.0
580,2014-04-24,39.74,39.97,39.3,39.86,,33.82,42381600.0
581,2014-04-25,40.29,40.68,39.75,39.91,,33.86,56876800.0
582,2014-04-28,40.14,41.29,40.09,40.87,,34.67,50610200.0
583,2014-04-29,41.1,41.19,40.39,40.51,,34.37,29636200.0
584,2014-04-30,40.4,40.5,40.17,40.4,,34.27,35458700.0
585,2014-05-01,40.24,40.36,39.95,40.0,,33.93,28787400.0
586,2014-05-02,40.31,40.34,39.66,39.69,,33.67,43416600.0
587,2014-05-05,39.52,39.64,39.3,39.43,,33.45,22460900.0
588,2014-05-06,39.29,39.35,38.95,39.06,,33.14,27112400.0
589,2014-05-07,39.22,39.51,38.51,39.42,,33.44,41744500.0
590,2014-05-08,39.34,39.9,38.97,39.64,,33.63,32120400.0
591,2014-05-09,39.54,39.85,39.37,39.54,,33.54,29647600.0
592,2014-05-12,39.74,40.02,39.65,39.97,,33.91,22782600.0
593,2014-05-13,39.92,40.5,39.85,40.42,,34.53,27004800.0
594,2014-05-14,40.3,40.45,40.05,40.24,,34.38,18818700.0
595,2014-05-15,40.09,40.4,39.51,39.6,,33.83,37793200.0
596,2014-05-16,39.67,39.84,39.27,39.83,,34.03,29867100.0
597,2014-05-19,39.61,39.82,39.46,39.75,,33.96,24537400.0
598,2014-05-20,39.68,39.94,39.46,39.68,,33.9,21320900.0
599,2014-05-21,39.8,40.35,39.74,40.35,,34.47,22398700.0
600,2014-05-22,40.29,40.35,39.85,40.1,,34.26,20201800.0
601,2014-05-23,40.37,40.37,40.0,40.12,,34.28,18020000.0
602,2014-05-27,40.26,40.26,39.81,40.19,,34.34,26160600.0
603,2014-05-28,40.14,40.19,39.82,40.01,,34.18,25711500.0
604,2014-05-29,40.15,40.35,39.91,40.34,,34.46,19888200.0
605,2014-05-30,40.45,40.97,40.25,40.94,,34.98,34567600.0
606,2014-06-02,40.95,41.09,40.68,40.79,,34.85,18504300.0
607,2014-06-03,40.6,40.68,40.25,40.29,,34.42,18068900.0
608,2014-06-04,40.21,40.37,39.86,40.32,,34.45,23209000.0
609,2014-06-05,40.59,41.25,40.4,41.21,,35.21,31865200.0
610,2014-06-06,41.48,41.66,41.24,41.48,,35.44,24060500.0
611,2014-06-09,41.39,41.48,41.02,41.27,,35.26,15019200.0
612,2014-06-10,41.03,41.16,40.86,41.11,,35.12,15117700.0
613,2014-06-11,40.93,41.07,40.77,40.86,,34.91,18040000.0
614,2014-06-12,40.81,40.88,40.29,40.58,,34.67,29818900.0
615,2014-06-13,41.1,41.57,40.86,41.23,,35.23,26310000.0
616,2014-06-16,41.04,41.61,41.04,41.5,,35.46,24205300.0
617,2014-06-17,41.29,41.91,40.34,41.68,,35.61,22518600.0
618,2014-06-18,41.61,41.74,41.18,41.65,,35.58,27097000.0
619,2014-06-19,41.57,41.77,41.33,41.51,,35.46,19828200.0
620,2014-06-20,41.45,41.83,41.38,41.68,,35.61,47764900.0
621,2014-06-23,41.73,42.0,41.69,41.99,,35.87,18743900.0
622,2014-06-24,41.83,41.94,41.56,41.75,,35.67,26509100.0
623,2014-06-25,41.7,42.05,41.46,42.03,,35.91,20049100.0
624,2014-06-26,41.93,41.94,41.43,41.72,,35.64,23604400.0
625,2014-06-27,41.61,42.29,41.51,42.25,,36.1,74640000.0
626,2014-06-30,42.17,42.21,41.7,41.7,,35.63,30793100.0
627,2014-07-01,41.86,42.15,41.69,41.87,,35.77,26917000.0
628,2014-07-02,41.73,41.9,41.53,41.9,,35.8,20208100.0
629,2014-07-03,41.91,41.99,41.56,41.8,,35.71,15969300.0
630,2014-07-07,41.75,42.12,41.71,41.99,,35.87,21952400.0
631,2014-07-08,41.87,42.0,41.61,41.78,,35.69,31218200.0
632,2014-07-09,41.98,41.99,41.53,41.67,,35.6,18445900.0
633,2014-07-10,41.37,42.0,41.05,41.69,,35.62,21854700.0
634,2014-07-11,41.7,42.09,41.48,42.09,,35.96,24083000.0
635,2014-07-14,42.22,42.45,42.04,42.14,,36.0,21881100.0
636,2014-07-15,42.33,42.47,42.03,42.45,,36.27,28748700.0
637,2014-07-16,42.51,44.31,42.48,44.08,,37.66,63318000.0
638,2014-07-17,45.45,45.71,44.25,44.53,,38.04,82180300.0
639,2014-07-18,44.65,44.84,44.25,44.69,,38.18,43407500.0
640,2014-07-21,44.56,45.16,44.22,44.84,,38.31,37604400.0
641,2014-07-22,45.0,45.15,44.59,44.83,,38.3,43095800.0
642,2014-07-23,45.45,45.45,44.62,44.87,,38.33,52362900.0
643,2014-07-24,44.93,45.0,44.32,44.4,,37.93,30725300.0
644,2014-07-25,44.3,44.66,44.3,44.5,,38.02,26737700.0
645,2014-07-28,44.36,44.51,43.93,43.97,,37.57,29684200.0
646,2014-07-29,43.91,44.09,43.64,43.89,,37.5,27763100.0
647,2014-07-30,44.07,44.1,43.29,43.58,,37.23,31921400.0
648,2014-07-31,43.38,43.69,43.08,43.16,,36.87,31537500.0
649,2014-08-01,43.21,43.25,42.6,42.86,,36.62,31170300.0
650,2014-08-04,42.97,43.47,42.81,43.37,,37.05,34277400.0
651,2014-08-05,43.31,43.46,42.83,43.08,,36.81,26266400.0
652,2014-08-06,42.74,43.17,42.21,42.74,,36.52,24634000.0
653,2014-08-07,42.84,43.45,42.65,43.23,,36.93,30314900.0
654,2014-08-08,43.23,43.32,42.91,43.2,,36.91,28942700.0
655,2014-08-11,43.26,43.45,43.02,43.2,,36.91,20351600.0
656,2014-08-12,43.04,43.59,43.0,43.52,,37.18,21431100.0
657,2014-08-13,43.68,44.18,43.52,44.08,,37.66,22889500.0
658,2014-08-14,44.08,44.42,44.01,44.27,,37.82,19313200.0
659,2014-08-15,44.58,44.9,44.4,44.79,,38.27,41611300.0
660,2014-08-18,44.94,45.11,44.68,45.11,,38.54,26891100.0
661,2014-08-19,44.97,45.34,44.83,45.33,,38.97,28139500.0
662,2014-08-20,45.34,45.4,44.9,44.95,,38.64,24770500.0
663,2014-08-21,44.84,45.25,44.83,45.22,,38.88,22285500.0
664,2014-08-22,45.35,45.47,45.07,45.15,,38.82,18294500.0
665,2014-08-25,45.4,45.44,45.04,45.17,,38.83,16910000.0
666,2014-08-26,45.31,45.4,44.94,45.01,,38.69,14873100.0
667,2014-08-27,44.9,45.0,44.76,44.87,,38.57,21287900.0
668,2014-08-28,44.75,44.98,44.61,44.88,,38.58,17657600.0
669,2014-08-29,45.09,45.44,44.86,45.43,,39.06,21607600.0
670,2014-09-02,45.43,45.46,44.85,45.09,,38.76,22976800.0
671,2014-09-03,44.53,45.11,44.53,44.96,,38.65,33684500.0
672,2014-09-04,44.74,45.27,44.72,45.26,,38.91,26475500.0
673,2014-09-05,45.11,45.93,45.11,45.91,,39.47,36939400.0
674,2014-09-08,46.02,46.8,45.99,46.47,,39.95,45736700.0
675,2014-09-09,46.47,46.97,46.42,46.76,,40.2,40302400.0
676,2014-09-10,46.82,46.94,46.28,46.84,,40.27,27302400.0
677,2014-09-11,46.74,47.0,46.47,47.0,,40.41,29216400.0
678,2014-09-12,46.91,47.02,46.6,46.7,,40.15,38244700.0
679,2014-09-15,46.54,46.71,46.1,46.24,,39.75,37667600.0
680,2014-09-16,46.39,46.85,46.29,46.76,,40.2,27910600.0
681,2014-09-17,46.26,46.69,46.23,46.52,,39.99,38311900.0
682,2014-09-18,46.59,46.83,46.46,46.68,,40.13,35556600.0
683,2014-09-19,46.81,47.57,46.6,47.52,,40.85,202522400.0
684,2014-09-22,47.3,47.38,46.98,47.06,,40.46,38686100.0
685,2014-09-23,46.85,46.98,46.47,46.56,,40.03,33430300.0
686,2014-09-24,46.63,47.11,46.34,47.08,,40.47,26582700.0
687,2014-09-25,46.88,47.09,46.03,46.04,,39.58,33077400.0
688,2014-09-26,45.93,46.62,45.76,46.41,,39.9,27078800.0
689,2014-09-29,45.98,46.56,45.76,46.44,,39.92,26091000.0
690,2014-09-30,46.37,46.48,46.01,46.36,,39.86,33033100.0
691,2014-10-01,46.27,46.53,45.85,45.9,,39.46,38088400.0
692,2014-10-02,45.83,46.1,45.64,45.76,,39.34,25119400.0
693,2014-10-03,45.98,46.3,45.61,46.09,,39.62,32453200.0
694,2014-10-06,46.12,46.3,45.92,46.09,,39.62,20604000.0
695,2014-10-07,45.86,45.93,45.42,45.53,,39.14,25723700.0
696,2014-10-08,45.48,46.89,45.34,46.78,,40.22,33031000.0
697,2014-10-09,46.5,46.8,45.74,45.85,,39.42,34422800.0
698,2014-10-10,45.6,46.12,43.95,44.03,,37.85,51978100.0
699,2014-10-13,43.82,44.56,43.49,43.65,,37.53,37100200.0
700,2014-10-14,43.87,44.38,43.56,43.73,,37.59,38115700.0
701,2014-10-15,43.0,43.39,42.1,43.22,,37.16,60218700.0
702,2014-10-16,42.53,43.08,42.22,42.74,,36.74,49040400.0
703,2014-10-17,43.2,43.94,42.79,43.63,,37.51,40683300.0
704,2014-10-20,43.06,44.14,42.81,44.08,,37.9,34527900.0
705,2014-10-21,44.36,44.98,44.19,44.88,,38.58,36433800.0
706,2014-10-22,45.0,45.07,44.23,44.38,,38.15,33570900.0
707,2014-10-23,44.62,45.45,44.53,45.02,,38.7,45451900.0
708,2014-10-24,46.83,46.9,45.18,46.13,,39.66,61076700.0
709,2014-10-27,45.71,46.1,45.71,45.91,,39.47,30371300.0
710,2014-10-28,45.86,46.5,45.77,46.49,,39.97,29049800.0
711,2014-10-29,46.44,46.7,46.34,46.62,,40.08,30276100.0
712,2014-10-30,46.32,46.32,45.77,46.05,,39.59,30073900.0
713,2014-10-31,46.94,46.97,46.48,46.95,,40.36,35849700.0
714,2014-11-03,46.89,47.46,46.73,47.44,,40.78,23130400.0
715,2014-11-04,47.3,47.73,47.25,47.57,,40.9,21530800.0
716,2014-11-05,47.8,47.9,47.26,47.86,,41.14,22449600.0
717,2014-11-06,47.86,48.86,47.79,48.7,,41.87,33037800.0
718,2014-11-07,48.92,48.92,48.29,48.68,,41.85,28000600.0
719,2014-11-10,48.65,49.15,48.55,48.89,,42.03,36370100.0
720,2014-11-11,48.85,48.95,48.65,48.87,,42.01,23445200.0
721,2014-11-12,48.56,48.92,48.52,48.78,,41.94,22722100.0
722,2014-11-13,48.81,49.65,48.71,49.61,,42.65,26210400.0
723,2014-11-14,49.74,50.05,49.39,49.58,,42.62,29081700.0
724,2014-11-17,49.41,49.71,49.14,49.46,,42.52,30318600.0
725,2014-11-18,49.13,49.33,48.7,48.74,,42.17,23995500.0
726,2014-11-19,48.66,48.75,47.93,48.22,,41.72,26177500.0
727,2014-11-20,48.0,48.7,47.87,48.7,,42.13,21510600.0
728,2014-11-21,49.02,49.05,47.57,47.98,,41.51,42884800.0
729,2014-11-24,47.99,48.0,47.39,47.59,,41.17,35434200.0
730,2014-11-25,47.66,47.97,47.45,47.47,,41.07,28008000.0
731,2014-11-26,47.49,47.99,47.28,47.75,,41.31,27163600.0
732,2014-11-28,47.95,48.2,47.61,47.81,,41.36,21534400.0
733,2014-12-01,47.88,48.78,47.71,48.62,,42.06,31191600.0
734,2014-12-02,48.84,49.05,48.2,48.46,,41.92,25773500.0
735,2014-12-03,48.44,48.5,47.81,48.08,,41.59,23534800.0
736,2014-12-04,48.39,49.06,48.2,48.84,,42.25,30320400.0
737,2014-12-05,48.82,48.97,48.38,48.42,,41.89,27313400.0
738,2014-12-08,48.26,48.35,47.45,47.7,,41.27,26663100.0
739,2014-12-09,47.11,47.92,47.05,47.59,,41.17,24330500.0
740,2014-12-10,47.58,47.66,46.7,46.9,,40.57,30431800.0
741,2014-12-11,47.08,47.74,46.68,47.17,,40.81,29060400.0
742,2014-12-12,46.78,47.73,46.67,46.95,,40.62,34248400.0
743,2014-12-15,47.2,47.67,46.55,46.67,,40.37,29247800.0
744,2014-12-16,45.9,46.34,45.13,45.16,,39.07,47801400.0
745,2014-12-17,45.05,45.95,44.9,45.74,,39.57,34970900.0
746,2014-12-18,46.58,47.52,46.34,47.52,,41.11,40105600.0
747,2014-12-19,47.63,48.1,47.17,47.66,,41.23,64551200.0
748,2014-12-22,47.78,48.12,47.71,47.98,,41.51,26566000.0
749,2014-12-23,48.37,48.8,48.13,48.45,,41.91,23648100.0
750,2014-12-24,48.64,48.64,48.08,48.14,,41.65,11437800.0
751,2014-12-26,48.41,48.41,47.82,47.88,,41.42,13197800.0
752,2014-12-29,47.7,47.78,47.26,47.45,,41.05,14439500.0
753,2014-12-30,47.44,47.62,46.84,47.02,,40.68,16384700.0
754,2014-12-31,46.73,47.44,46.45,46.45,,40.18,21552500.0
755,2015-01-02,46.66,47.42,46.54,46.76,,40.45,27913900.0
756,2015-01-05,46.37,46.73,46.25,46.33,,40.08,39673900.0
757,2015-01-06,46.38,46.75,45.54,45.65,,39.49,36447900.0
758,2015-01-07,45.98,46.46,45.49,46.23,,39.99,29114100.0
759,2015-01-08,46.75,47.75,46.72,47.59,,41.17,29645200.0
760,2015-01-09,47.61,47.82,46.9,47.19,,40.82,23944200.0
761,2015-01-12,47.42,47.54,46.36,46.6,,40.31,23651900.0
762,2015-01-13,46.97,47.91,46.06,46.36,,40.11,35270600.0
763,2015-01-14,45.96,46.24,45.62,45.96,,39.76,29719600.0
764,2015-01-15,46.22,46.38,45.41,45.48,,39.35,32750800.0
765,2015-01-16,45.31,46.28,45.17,46.24,,40.0,35695300.0
766,2015-01-20,46.3,46.65,45.57,46.39,,40.13,36161900.0
767,2015-01-21,45.94,46.14,45.48,45.92,,39.73,39081100.0
768,2015-01-22,46.38,47.14,46.08,47.13,,40.77,35898000.0
769,2015-01-23,47.36,47.39,46.8,47.18,,40.82,26211600.0
770,2015-01-26,47.0,47.13,46.24,47.01,,40.67,42525500.0
771,2015-01-27,42.95,43.2,42.11,42.66,,36.91,169164000.0
772,2015-01-28,42.74,42.79,41.16,41.19,,35.63,84507100.0
773,2015-01-29,40.93,42.12,40.79,42.01,,36.34,63585300.0
774,2015-01-30,41.55,41.58,40.35,40.4,,34.95,78004900.0
775,2015-02-02,40.59,41.37,40.23,41.28,,35.71,50352500.0
776,2015-02-03,41.63,41.93,41.05,41.6,,35.99,52082400.0
777,2015-02-04,41.94,42.21,41.36,41.84,,36.2,41614800.0
778,2015-02-05,42.22,42.64,41.86,42.45,,36.72,36548200.0
779,2015-02-06,42.68,42.79,42.15,42.41,,36.69,34616600.0
780,2015-02-09,42.24,42.74,42.21,42.36,,36.65,31381100.0
781,2015-02-10,42.74,42.77,42.18,42.6,,36.85,29670700.0
782,2015-02-11,42.65,42.65,42.21,42.38,,36.66,38262500.0
783,2015-02-12,42.66,43.09,42.51,43.09,,37.28,33268800.0
784,2015-02-13,43.38,43.87,43.15,43.87,,37.95,40264900.0
785,2015-02-17,43.97,44.0,43.19,43.58,,37.97,33695700.0
786,2015-02-18,43.63,43.7,43.39,43.53,,37.93,27111700.0
787,2015-02-19,43.18,43.53,43.05,43.5,,37.9,27603400.0
788,2015-02-20,43.51,43.88,43.29,43.86,,38.21,29721100.0
789,2015-02-23,43.7,44.19,43.65,44.15,,38.47,32518800.0
790,2015-02-24,44.15,44.3,43.92,44.09,,38.41,25271700.0
791,2015-02-25,43.95,44.09,43.8,43.99,,38.33,29759800.0
792,2015-02-26,43.99,44.23,43.89,44.06,,38.39,28957300.0
793,2015-02-27,44.13,44.2,43.66,43.85,,38.21,33807700.0
794,2015-03-02,43.67,44.19,43.55,43.88,,38.23,31924000.0
795,2015-03-03,43.56,43.83,43.09,43.28,,37.71,31748600.0
796,2015-03-04,43.01,43.21,42.88,43.06,,37.52,25748700.0
797,2015-03-05,43.07,43.24,42.82,43.11,,37.56,23193500.0
798,2015-03-06,43.0,43.11,42.15,42.36,,36.91,36248800.0
799,2015-03-09,42.19,43.13,42.19,42.85,,37.33,32108000.0
800,2015-03-10,42.35,42.71,42.03,42.03,,36.62,39159700.0
801,2015-03-11,42.31,42.37,41.84,41.98,,36.58,32215300.0
802,2015-03-12,41.33,41.65,40.86,41.02,,35.74,59992500.0
803,2015-03-13,40.7,41.47,40.61,41.38,,36.05,58007700.0
804,2015-03-16,41.47,41.64,41.28,41.56,,36.21,35273500.0
805,2015-03-17,41.37,41.83,41.15,41.7,,36.33,31673400.0
806,2015-03-18,41.43,42.83,41.33,42.5,,37.03,44194800.0
807,2015-03-19,42.26,42.59,42.22,42.29,,36.85,33879100.0
808,2015-03-20,42.56,42.98,42.49,42.88,,37.36,71904500.0
809,2015-03-23,42.88,43.13,42.78,42.86,,37.34,26246100.0
810,2015-03-24,42.78,43.17,42.75,42.9,,37.38,25513300.0
811,2015-03-25,42.92,42.93,41.44,41.46,,36.12,43469900.0
812,2015-03-26,41.22,41.61,40.92,41.21,,35.91,37495600.0
813,2015-03-27,41.12,41.43,40.83,40.97,,35.7,34401400.0
814,2015-03-30,41.1,41.54,40.91,40.96,,35.69,35049700.0
815,2015-03-31,40.78,41.03,40.54,40.66,,35.43,34887200.0
816,2015-04-01,40.6,40.76,40.31,40.72,,35.48,36865300.0
817,2015-04-02,40.66,40.74,40.12,40.29,,35.1,37487500.0
818,2015-04-06,40.34,41.78,40.18,41.55,,36.2,39223700.0
819,2015-04-07,41.61,41.91,41.31,41.53,,36.18,28809400.0
820,2015-04-08,41.46,41.69,41.04,41.42,,36.09,24753400.0
821,2015-04-09,41.25,41.62,41.25,41.48,,36.14,25723900.0
822,2015-04-10,41.63,41.95,41.41,41.72,,36.35,28022000.0
823,2015-04-13,41.4,42.06,41.39,41.76,,36.38,30276700.0
824,2015-04-14,41.8,42.03,41.39,41.65,,36.29,24244400.0
825,2015-04-15,41.76,42.46,41.68,42.26,,36.82,27343600.0
826,2015-04-16,41.95,42.34,41.82,42.16,,36.73,22509700.0
827,2015-04-17,41.67,41.74,41.16,41.62,,36.26,42387600.0
828,2015-04-20,41.73,43.17,41.68,42.91,,37.39,46057700.0
829,2015-04-21,43.0,43.15,42.53,42.64,,37.15,26013800.0
830,2015-04-22,42.67,43.13,42.55,42.99,,37.46,25064300.0
831,2015-04-23,42.89,43.61,42.8,43.34,,37.76,46309500.0
832,2015-04-24,45.66,48.14,45.65,47.87,,41.71,130933700.0
833,2015-04-27,47.23,48.13,47.22,48.03,,41.85,59248200.0
834,2015-04-28,47.78,49.21,47.7,49.16,,42.83,60730800.0
835,2015-04-29,48.72,49.31,48.5,49.06,,42.74,47804600.0
836,2015-04-30,48.7,49.54,48.6,48.64,,42.38,64725500.0
837,2015-05-01,48.58,48.88,48.4,48.66,,42.4,38937300.0
838,2015-05-04,48.37,48.87,48.18,48.24,,42.03,34039500.0
839,2015-05-05,47.82,48.16,47.31,47.6,,41.47,50369200.0
840,2015-05-06,47.57,47.77,46.02,46.28,,40.32,52433000.0
841,2015-05-07,46.27,47.09,46.16,46.7,,40.69,32971700.0
842,2015-05-08,47.55,47.98,47.52,47.75,,41.6,35364900.0
843,2015-05-11,47.55,47.91,47.37,47.37,,41.27,24609400.0
844,2015-05-12,46.85,47.68,46.42,47.35,,41.25,29928300.0
845,2015-05-13,48.19,48.32,47.57,47.63,,41.5,34184600.0
846,2015-05-14,48.03,48.82,48.03,48.72,,42.45,32980900.0
847,2015-05-15,48.87,48.91,48.05,48.3,,42.08,28642700.0
848,2015-05-18,47.98,48.22,47.61,48.01,,41.83,24136500.0
849,2015-05-19,47.56,47.81,47.18,47.58,,41.72,28574800.0
850,2015-05-20,47.39,47.93,47.27,47.58,,41.72,25047900.0
851,2015-05-21,47.28,47.6,47.01,47.42,,41.58,22410700.0
852,2015-05-22,47.3,47.35,46.82,46.9,,41.13,25720600.0
853,2015-05-26,46.83,46.88,46.19,46.59,,40.86,29581900.0
854,2015-05-27,46.82,47.77,46.62,47.61,,41.75,27335600.0
855,2015-05-28,47.5,48.02,47.39,47.45,,41.61,19283700.0
856,2015-05-29,47.43,47.57,46.59,46.86,,41.09,36519600.0
857,2015-06-01,47.06,47.77,46.62,47.23,,41.42,28837300.0
858,2015-06-02,46.93,47.35,46.62,46.92,,41.15,21498300.0
859,2015-06-03,47.37,47.74,46.82,46.85,,41.08,28002200.0
860,2015-06-04,46.79,47.16,46.2,46.36,,40.65,27745500.0
861,2015-06-05,46.31,46.52,45.84,46.14,,40.46,25438100.0
862,2015-06-08,46.3,46.43,45.67,45.73,,40.1,22121600.0
863,2015-06-09,45.76,45.94,45.46,45.65,,40.03,24406100.0
864,2015-06-10,45.79,46.83,45.69,46.61,,40.87,28417400.0
865,2015-06-11,46.66,46.92,46.13,46.44,,40.72,27347800.0
866,2015-06-12,46.22,46.47,45.9,45.97,,40.31,23931000.0
867,2015-06-15,45.45,45.65,45.02,45.48,,39.88,33254500.0
868,2015-06-16,45.35,46.24,45.3,45.83,,40.19,27070300.0
869,2015-06-17,45.73,46.07,45.36,45.97,,40.31,28704100.0
870,2015-06-18,46.22,46.8,46.17,46.72,,40.97,32658300.0
871,2015-06-19,46.79,46.83,45.99,46.1,,40.43,63837000.0
872,2015-06-22,46.33,46.72,46.16,46.23,,40.54,20318100.0
873,2015-06-23,46.13,46.28,45.62,45.91,,40.26,25896500.0
874,2015-06-24,45.67,46.25,45.55,45.64,,40.02,34890900.0
875,2015-06-25,46.03,46.06,45.5,45.65,,40.03,20616000.0
876,2015-06-26,45.65,46.28,45.03,45.26,,39.69,49835300.0
877,2015-06-29,45.04,45.23,44.36,44.37,,38.91,34081700.0
878,2015-06-30,44.71,44.72,43.94,44.15,,38.72,35945400.0
879,2015-07-01,44.46,45.23,44.1,44.45,,38.98,28343900.0
880,2015-07-02,44.48,44.75,44.06,44.4,,38.94,21752000.0
881,2015-07-06,43.96,44.48,43.95,44.39,,38.93,23034000.0
882,2015-07-07,44.34,44.49,43.32,44.3,,38.85,36435800.0
883,2015-07-08,44.44,44.9,44.03,44.24,,38.8,39785900.0
884,2015-07-09,44.75,45.22,44.5,44.52,,39.04,32424700.0
885,2015-07-10,45.01,45.14,44.57,44.61,,39.12,25465800.0
886,2015-07-13,44.98,45.62,44.95,45.54,,39.94,28178300.0
887,2015-07-14,45.45,45.96,45.31,45.62,,40.01,22880300.0
888,2015-07-15,45.68,45.89,45.43,45.76,,40.13,26629600.0
889,2015-07-16,46.01,46.69,45.97,46.66,,40.92,26271700.0
890,2015-07-17,46.55,46.78,46.26,46.62,,40.88,29467100.0
891,2015-07-20,46.65,47.13,46.44,46.92,,41.15,30631900.0
892,2015-07-21,46.78,47.33,46.48,47.28,,41.46,42781900.0
893,2015-07-22,45.44,46.93,45.2,45.54,,39.94,59152400.0
894,2015-07-23,45.27,46.23,45.1,46.11,,40.44,33934000.0
895,2015-07-24,45.91,46.32,45.8,45.94,,40.29,32333200.0
896,2015-07-27,45.94,46.01,45.25,45.35,,39.77,39701400.0
897,2015-07-28,45.58,45.64,44.79,45.34,,39.76,34328900.0
898,2015-07-29,45.4,46.78,45.26,46.29,,40.59,40945900.0
899,2015-07-30,46.26,47.4,45.93,46.88,,41.11,39777900.0
900,2015-07-31,47.29,47.37,46.5,46.7,,40.95,31201500.0
901,2015-08-03,46.98,47.0,46.45,46.81,,41.05,24125900.0
902,2015-08-04,46.75,47.71,46.68,47.54,,41.69,33403900.0
903,2015-08-05,47.98,48.41,47.54,47.58,,41.72,26959700.0
904,2015-08-06,47.71,47.77,46.33,46.62,,40.88,27368000.0
905,2015-08-07,46.39,46.78,46.26,46.74,,40.99,19163000.0
906,2015-08-10,46.95,47.49,46.84,47.33,,41.51,23079900.0
907,2015-08-11,46.82,46.94,45.9,46.41,,40.7,29237400.0
908,2015-08-12,46.19,46.9,45.71,46.74,,40.99,30181400.0
909,2015-08-13,47.06,47.1,46.49,46.73,,40.98,22627200.0
910,2015-08-14,46.53,47.1,46.52,47.0,,41.22,21473400.0
911,2015-08-17,46.81,47.45,46.57,47.32,,41.5,21099700.0
912,2015-08-18,46.84,47.43,46.7,47.27,,41.73,23574100.0
913,2015-08-19,46.78,47.08,46.3,46.61,,41.14,31485500.0
914,2015-08-20,46.07,46.47,45.66,45.66,,40.3,36238200.0
915,2015-08-21,45.3,45.48,43.07,43.07,,38.02,70053100.0
916,2015-08-24,40.45,42.69,39.72,41.68,,36.79,88753700.0
917,2015-08-25,42.57,43.24,40.39,40.47,,35.72,70616600.0
918,2015-08-26,42.01,42.84,41.06,42.71,,37.7,63408000.0
919,2015-08-27,43.23,43.95,42.93,43.9,,38.75,50943200.0
920,2015-08-28,43.4,44.15,43.39,43.93,,38.78,28246700.0
921,2015-08-31,43.56,43.93,43.1,43.52,,38.42,34441700.0
922,2015-09-01,42.17,42.59,41.66,41.82,,36.92,49688900.0
923,2015-09-02,42.36,43.38,41.88,43.36,,38.27,37671500.0
924,2015-09-03,43.41,43.98,43.28,43.5,,38.4,28285200.0
925,2015-09-04,42.81,43.04,42.2,42.61,,37.61,37138800.0
926,2015-09-08,43.3,44.0,43.2,43.89,,38.74,32469800.0
927,2015-09-09,44.21,44.4,42.91,43.07,,38.02,33469500.0
928,2015-09-10,43.12,43.79,42.75,43.29,,38.21,31366600.0
929,2015-09-11,43.14,43.59,42.94,43.48,,38.38,27132500.0
930,2015-09-14,43.43,43.44,42.86,43.04,,37.99,23656000.0
931,2015-09-15,43.19,44.29,43.08,43.98,,38.82,28882200.0
932,2015-09-16,43.97,44.38,43.84,44.3,,39.1,23372200.0
933,2015-09-17,44.29,45.0,44.08,44.25,,39.06,32768200.0
934,2015-09-18,43.5,43.99,43.33,43.48,,38.38,63143700.0
935,2015-09-21,43.62,44.47,43.6,44.11,,38.94,26177200.0
936,2015-09-22,43.38,44.05,43.31,43.9,,38.75,28085900.0
937,2015-09-23,43.93,44.17,43.51,43.87,,38.72,17145200.0
938,2015-09-24,43.45,44.13,43.27,43.91,,38.76,27905600.0
939,2015-09-25,44.48,44.73,43.76,43.94,,38.79,29384600.0
940,2015-09-28,43.83,44.09,43.21,43.29,,38.21,27613800.0
941,2015-09-29,43.37,43.57,43.05,43.44,,38.35,32763600.0
942,2015-09-30,43.88,44.3,43.66,44.26,,39.07,34958900.0
943,2015-10-01,44.75,44.75,43.75,44.61,,39.38,28657900.0
944,2015-10-02,44.27,45.57,43.92,45.57,,40.23,41839000.0
945,2015-10-05,45.75,46.89,45.7,46.63,,41.16,34369300.0
946,2015-10-06,46.33,47.18,46.22,46.75,,41.27,27017200.0
947,2015-10-07,47.1,47.35,45.95,46.8,,41.31,27711500.0
948,2015-10-08,46.56,47.52,46.5,47.45,,41.88,33772700.0
949,2015-10-09,47.45,47.54,46.92,47.11,,41.58,28600600.0
950,2015-10-12,46.98,47.07,46.5,47.0,,41.49,19769100.0
951,2015-10-13,46.56,47.13,46.56,46.89,,41.39,19987800.0
952,2015-10-14,46.65,47.1,46.53,46.68,,41.21,24697800.0
953,2015-10-15,47.01,47.03,46.53,47.01,,41.5,27189400.0
954,2015-10-16,47.02,47.54,46.9,47.51,,41.94,26450300.0
955,2015-10-19,47.42,47.88,47.02,47.62,,42.03,29387600.0
956,2015-10-20,47.44,47.81,47.02,47.77,,42.17,30802200.0
957,2015-10-21,47.92,47.99,47.11,47.2,,41.66,25144300.0
958,2015-10-22,47.53,48.95,47.09,48.03,,42.4,56637100.0
959,2015-10-23,52.3,54.07,52.25,52.87,,46.67,135227100.0
960,2015-10-26,52.53,54.32,52.5,54.25,,47.89,64633300.0
961,2015-10-27,53.99,54.37,53.58,53.69,,47.39,50999900.0
962,2015-10-28,53.54,53.98,52.86,53.98,,47.65,47000800.0
963,2015-10-29,53.54,53.83,53.22,53.36,,47.1,30202100.0
964,2015-10-30,53.32,53.99,52.62,52.64,,46.47,46619800.0
965,2015-11-02,52.85,53.36,52.62,53.24,,47.0,30285000.0
966,2015-11-03,52.93,54.39,52.9,54.15,,47.8,36596900.0
967,2015-11-04,54.18,54.88,54.06,54.4,,48.02,37087800.0
968,2015-11-05,54.49,54.7,54.0,54.38,,48.0,31468500.0
969,2015-11-06,54.09,54.98,53.96,54.92,,48.48,32851200.0
970,2015-11-09,54.55,54.87,53.56,54.16,,47.81,32513100.0
971,2015-11-10,54.07,54.13,53.27,53.51,,47.23,55283700.0
972,2015-11-11,53.7,54.2,53.46,53.65,,47.36,36516300.0
973,2015-11-12,53.48,53.98,53.19,53.32,,47.07,35361100.0
974,2015-11-13,53.07,53.29,52.53,52.84,,46.64,36848200.0
975,2015-11-16,53.08,53.89,52.85,53.77,,47.46,32165200.0
976,2015-11-17,53.17,53.53,52.85,52.97,,47.07,31551300.0
977,2015-11-18,53.0,53.98,52.98,53.85,,47.85,29710000.0
978,2015-11-19,53.99,54.66,53.78,53.94,,47.93,28149200.0
979,2015-11-20,54.25,54.3,53.27,54.19,,48.16,37147600.0
980,2015-11-23,54.25,54.46,53.75,54.19,,48.16,28235900.0
981,2015-11-24,53.92,54.44,53.58,54.25,,48.21,24600000.0
982,2015-11-25,54.09,54.23,53.69,53.69,,47.71,21005100.0
983,2015-11-27,53.8,54.08,53.79,53.93,,47.93,9009100.0
984,2015-11-30,54.54,54.96,54.0,54.35,,48.3,56241400.0
985,2015-12-01,54.41,55.23,54.3,55.22,,49.07,39952800.0
986,2015-12-02,55.32,55.96,55.06,55.21,,49.06,47274900.0
987,2015-12-03,55.49,55.77,53.93,54.2,,48.17,38627800.0
988,2015-12-04,54.12,56.23,54.1,55.91,,49.69,43963700.0
989,2015-12-07,55.79,55.97,55.29,55.81,,49.6,30709800.0
990,2015-12-08,55.47,56.1,54.99,55.79,,49.58,32878000.0
991,2015-12-09,55.37,55.87,54.51,54.98,,48.86,36373200.0
992,2015-12-10,55.39,55.66,55.01,55.27,,49.12,31775800.0
993,2015-12-11,54.71,55.1,54.01,54.06,,48.04,39549500.0
994,2015-12-14,54.33,55.21,53.68,55.14,,49.0,46768900.0
995,2015-12-15,55.66,55.9,55.09,55.2,,49.05,39843000.0
996,2015-12-16,55.54,56.25,54.76,56.13,,49.88,37503300.0
997,2015-12-17,56.36,56.79,55.53,55.7,,49.5,41280900.0
998,2015-12-18,55.77,56.0,54.03,54.13,,48.1,84684200.0
999,2015-12-21,54.88,55.35,54.23,54.83,,48.73,37246300.0
1000,2015-12-22,54.99,55.48,54.5,55.35,,49.19,28322200.0
1001,2015-12-23,55.7,55.88,55.44,55.82,,49.61,27279800.0
1002,2015-12-24,55.86,55.96,55.43,55.67,,49.47,9558500.0
1003,2015-12-28,55.35,55.95,54.98,55.95,,49.72,22458300.0
1004,2015-12-29,56.29,56.85,56.06,56.55,,50.25,27731400.0
1005,2015-12-30,56.47,56.78,56.29,56.31,,50.04,21704500.0
1006,2015-12-31,56.04,56.19,55.42,55.48,,49.3,27334100.0
1007,2016-01-04,54.32,54.8,53.39,54.8,,48.7,53778000.0
1008,2016-01-05,54.93,55.39,54.54,55.05,,48.92,34079700.0
1009,2016-01-06,54.32,54.4,53.64,54.05,,48.03,39518900.0
1010,2016-01-07,52.7,53.49,52.07,52.17,,46.36,56564900.0
1011,2016-01-08,52.37,53.28,52.15,52.33,,46.5,48754000.0
1012,2016-01-11,52.51,52.85,51.46,52.3,,46.48,36943800.0
1013,2016-01-12,52.76,53.1,52.06,52.78,,46.9,36095500.0
1014,2016-01-13,53.8,54.07,51.3,51.64,,45.89,66883600.0
1015,2016-01-14,52.0,53.42,51.57,53.11,,47.2,52381900.0
1016,2016-01-15,51.31,51.97,50.34,50.99,,45.31,71820700.0
1017,2016-01-19,51.48,51.68,50.06,50.56,,44.93,43564500.0
1018,2016-01-20,49.98,51.38,49.1,50.79,,45.14,63273000.0
1019,2016-01-21,51.0,51.58,50.3,50.48,,44.86,40191200.0
1020,2016-01-22,51.41,52.33,51.26,52.29,,46.47,37555800.0
1021,2016-01-25,51.94,52.65,51.65,51.79,,46.02,34707700.0
1022,2016-01-26,51.79,52.44,51.55,52.17,,46.36,28900800.0
1023,2016-01-27,52.01,52.2,51.02,51.22,,45.52,36775200.0
1024,2016-01-28,51.86,52.21,51.25,52.06,,46.26,62513800.0
1025,2016-01-29,54.73,55.09,54.0,55.09,,48.96,83611700.0
1026,2016-02-01,54.88,55.09,54.5,54.71,,48.62,44208500.0
1027,2016-02-02,54.17,54.26,52.65,53.0,,47.1,56313800.0
1028,2016-02-03,53.25,53.39,51.26,52.16,,46.35,57559800.0
1029,2016-02-04,52.1,52.81,51.37,52.0,,46.21,46987100.0
1030,2016-02-05,51.94,52.0,49.56,50.16,,44.58,62009000.0
1031,2016-02-08,49.55,49.57,48.19,49.41,,43.91,59290500.0
1032,2016-02-09,49.02,50.24,48.67,49.28,,43.79,46740500.0
1033,2016-02-10,49.89,50.39,49.52,49.71,,44.18,38237000.0
1034,2016-02-11,48.68,50.11,48.51,49.69,,44.16,48878600.0
1035,2016-02-12,50.25,50.68,49.75,50.5,,44.88,34243300.0
1036,2016-02-16,50.9,51.09,50.13,51.09,,45.73,37291200.0
1037,2016-02-17,51.49,52.77,51.45,52.42,,46.92,40789000.0
1038,2016-02-18,52.33,52.95,52.1,52.19,,46.71,27176000.0
1039,2016-02-19,51.97,52.28,51.53,51.82,,46.38,33559100.0
1040,2016-02-22,52.28,53.0,52.28,52.65,,47.12,25008300.0
1041,2016-02-23,52.34,52.37,50.98,51.18,,45.81,28895300.0
1042,2016-02-24,50.69,51.5,50.2,51.36,,45.97,33014500.0
1043,2016-02-25,51.73,52.1,50.61,52.1,,46.63,26939500.0
1044,2016-02-26,52.6,52.68,51.1,51.3,,45.92,35975900.0
1045,2016-02-29,51.35,51.65,50.66,50.88,,45.54,31654000.0
1046,2016-03-01,50.97,52.59,50.92,52.58,,47.06,33024500.0
1047,2016-03-02,52.41,52.96,52.16,52.95,,47.39,29289900.0
1048,2016-03-03,52.97,52.97,51.78,52.35,,46.86,24427800.0
1049,2016-03-04,52.4,52.45,51.71,52.03,,46.57,33034200.0
1050,2016-03-07,51.56,51.8,50.58,51.03,,45.67,38407800.0
1051,2016-03-08,50.8,52.13,50.6,51.65,,46.23,33835100.0
1052,2016-03-09,51.89,52.85,51.86,52.84,,47.29,28251600.0
1053,2016-03-10,52.93,52.94,51.16,52.05,,46.59,38387800.0
1054,2016-03-11,53.0,53.07,52.38,53.07,,47.5,32275700.0
1055,2016-03-14,52.71,53.59,52.63,53.17,,47.59,24083600.0
1056,2016-03-15,52.75,53.59,52.74,53.59,,47.97,21104800.0
1057,2016-03-16,53.45,54.6,53.4,54.35,,48.65,31691700.0
1058,2016-03-17,54.21,55.0,54.0,54.66,,48.92,28223900.0
1059,2016-03-18,54.92,54.97,53.45,53.49,,47.88,67625500.0
1060,2016-03-21,53.25,53.93,52.93,53.86,,48.21,23925700.0
1061,2016-03-22,53.61,54.25,53.46,54.07,,48.4,23124100.0
1062,2016-03-23,54.11,54.24,53.74,53.97,,48.31,20129000.0
1063,2016-03-24,53.84,54.33,53.73,54.21,,48.52,19950000.0
1064,2016-03-28,54.21,54.29,53.33,53.54,,47.92,17025100.0
1065,2016-03-29,53.66,54.86,53.45,54.71,,48.97,23924300.0
1066,2016-03-30,54.93,55.64,54.9,55.05,,49.27,23008300.0
1067,2016-03-31,54.95,55.59,54.86,55.23,,49.43,26360500.0
1068,2016-04-01,55.05,55.61,54.57,55.57,,49.74,24399200.0
1069,2016-04-04,55.43,55.66,55.0,55.43,,49.61,18928800.0
1070,2016-04-05,55.19,55.3,54.46,54.56,,48.83,19272300.0
1071,2016-04-06,54.36,55.2,54.21,55.12,,49.33,21188700.0
1072,2016-04-07,54.87,54.91,54.23,54.46,,48.74,19225100.0
1073,2016-04-08,54.67,55.28,54.32,54.42,,48.71,22167200.0
1074,2016-04-11,54.49,55.15,54.3,54.31,,48.61,21414200.0
1075,2016-04-12,54.37,54.78,53.76,54.65,,48.91,24944300.0
1076,2016-04-13,55.12,55.44,54.89,55.35,,49.54,20818000.0
1077,2016-04-14,55.22,55.58,55.07,55.36,,49.55,20877100.0
1078,2016-04-15,55.3,55.92,55.11,55.65,,49.81,28793800.0
1079,2016-04-18,55.49,56.59,55.21,56.46,,50.53,23786000.0
1080,2016-04-19,56.63,56.77,55.68,56.39,,50.47,29596800.0
1081,2016-04-20,56.29,56.5,55.49,55.59,,49.76,36195700.0
1082,2016-04-21,55.8,56.23,55.42,55.78,,49.93,38909100.0
1083,2016-04-22,51.91,52.43,50.77,51.78,,46.35,126834100.0
1084,2016-04-25,51.78,52.13,51.63,52.11,,46.64,33226900.0
1085,2016-04-26,52.26,52.35,51.09,51.44,,46.04,33532600.0
1086,2016-04-27,51.48,51.5,50.55,50.94,,45.59,43369300.0
1087,2016-04-28,50.62,50.77,49.56,49.9,,44.66,43134800.0
1088,2016-04-29,49.35,50.25,49.35,49.87,,44.64,48411700.0
1089,2016-05-02,50.0,50.75,49.78,50.61,,45.3,33114500.0
1090,2016-05-03,50.34,50.41,49.6,49.78,,44.56,26460200.0
1091,2016-05-04,49.84,50.06,49.46,49.87,,44.64,24257600.0
1092,2016-05-05,49.87,50.3,49.73,49.94,,44.7,25390700.0
1093,2016-05-06,49.92,50.39,49.66,50.39,,45.1,24787300.0
1094,2016-05-09,50.49,50.59,50.0,50.07,,44.81,17951600.0
1095,2016-05-10,50.33,51.1,50.19,51.02,,45.67,22891000.0
1096,2016-05-11,51.13,51.78,51.0,51.05,,45.69,24039100.0
1097,2016-05-12,51.2,51.81,50.92,51.51,,46.1,24102800.0
1098,2016-05-13,51.44,51.9,51.04,51.08,,45.72,22592300.0
1099,2016-05-16,50.8,51.96,50.75,51.83,,46.39,20032000.0
1100,2016-05-17,51.72,51.73,50.36,50.51,,45.52,27803500.0
1101,2016-05-18,50.48,51.14,50.3,50.81,,45.8,24907500.0
1102,2016-05-19,50.47,50.62,49.82,50.32,,45.35,23842400.0
1103,2016-05-20,50.48,51.22,50.4,50.62,,45.62,23905800.0
1104,2016-05-23,50.6,50.68,49.98,50.03,,45.09,26118700.0
1105,2016-05-24,50.7,51.71,50.4,51.59,,46.5,34757900.0
1106,2016-05-25,51.92,52.49,51.79,52.12,,46.98,24040200.0
1107,2016-05-26,51.93,51.98,51.36,51.89,,46.77,24335200.0
1108,2016-05-27,51.92,52.32,51.77,52.32,,47.16,17721400.0
1109,2016-05-31,52.26,53.0,52.08,53.0,,47.77,37653100.0
1110,2016-06-01,52.44,52.95,52.44,52.85,,47.63,25324800.0
1111,2016-06-02,52.64,52.74,51.84,52.48,,47.3,22840800.0
1112,2016-06-03,52.38,52.42,51.6,51.79,,46.68,23368300.0
1113,2016-06-06,51.99,52.35,51.89,52.13,,46.99,18243300.0
1114,2016-06-07,52.24,52.73,52.1,52.1,,46.96,20866800.0
1115,2016-06-08,52.02,52.44,51.87,52.04,,46.9,21149400.0
1116,2016-06-09,52.0,52.0,51.49,51.62,,46.53,20305700.0
1117,2016-06-10,51.05,52.05,51.04,51.48,,46.4,25833200.0
1118,2016-06-13,49.58,50.72,49.06,50.14,,45.19,83217800.0
1119,2016-06-14,49.9,50.1,49.57,49.83,,44.91,42577100.0
1120,2016-06-15,49.78,50.12,49.69,49.69,,44.79,33757600.0
1121,2016-06-16,49.52,50.47,49.51,50.39,,45.42,31188600.0
1122,2016-06-17,50.41,50.43,49.82,50.13,,45.18,45710500.0
1123,2016-06-20,50.64,50.83,50.03,50.07,,45.13,35607900.0
1124,2016-06-21,50.2,51.43,50.16,51.19,,46.14,34097800.0
1125,2016-06-22,51.08,51.46,50.95,50.99,,45.96,28816800.0
1126,2016-06-23,51.28,52.06,51.15,51.91,,46.79,29028800.0
1127,2016-06-24,49.81,50.94,49.52,49.83,,44.91,133503000.0
1128,2016-06-27,49.1,49.15,48.04,48.43,,43.65,50216300.0
1129,2016-06-28,48.92,49.47,48.67,49.44,,44.56,38140700.0
1130,2016-06-29,49.91,50.72,49.8,50.54,,45.55,31304000.0
1131,2016-06-30,50.72,51.3,50.5,51.17,,46.12,28527800.0
1132,2016-07-01,51.13,51.72,51.07,51.16,,46.11,21400400.0
1133,2016-07-05,50.83,51.28,50.74,51.17,,46.12,24806400.0
1134,2016-07-06,50.78,51.54,50.39,51.38,,46.31,28167500.0
1135,2016-07-07,51.42,51.61,51.07,51.38,,46.31,19585200.0
1136,2016-07-08,51.73,52.36,51.55,52.3,,47.14,28391000.0
1137,2016-07-11,52.5,52.83,52.47,52.59,,47.4,22269200.0
1138,2016-07-12,52.94,53.4,52.79,53.21,,47.96,27317600.0
1139,2016-07-13,53.56,53.86,53.18,53.51,,48.23,25356800.0
1140,2016-07-14,53.84,53.99,53.58,53.74,,48.44,24545500.0
1141,2016-07-15,53.95,54.0,53.21,53.7,,48.4,32024400.0
1142,2016-07-18,53.7,54.34,53.55,53.96,,48.63,31433900.0
1143,2016-07-19,53.71,53.9,52.93,53.09,,47.85,53336500.0
1144,2016-07-20,56.15,56.84,55.53,55.91,,50.39,89893300.0
1145,2016-07-21,55.98,56.23,55.76,55.8,,50.29,32776700.0
1146,2016-07-22,56.08,56.63,55.78,56.57,,50.99,32157200.0
1147,2016-07-25,56.47,56.74,56.26,56.73,,51.13,25610600.0
1148,2016-07-26,56.52,57.29,56.51,56.76,,51.16,28079000.0
1149,2016-07-27,56.61,56.8,56.11,56.19,,50.64,32327500.0
1150,2016-07-28,56.0,56.37,55.72,56.21,,50.66,37550400.0
1151,2016-07-29,56.26,56.76,56.05,56.68,,51.09,30558700.0
1152,2016-08-01,56.6,56.75,56.14,56.58,,51.0,26003400.0
1153,2016-08-02,56.85,56.9,56.31,56.58,,51.0,35122000.0
1154,2016-08-03,56.68,57.11,56.49,56.97,,51.35,22075600.0
1155,2016-08-04,56.8,57.52,56.67,57.39,,51.73,26587700.0
1156,2016-08-05,57.65,58.21,57.45,57.96,,52.24,29335200.0
1157,2016-08-08,58.06,58.09,57.78,58.06,,52.33,19473500.0
1158,2016-08-09,58.17,58.5,58.02,58.2,,52.46,16920700.0
1159,2016-08-10,58.16,58.32,57.82,58.02,,52.29,15756900.0
1160,2016-08-11,58.03,58.45,58.03,58.3,,52.55,18162300.0
1161,2016-08-12,58.03,58.19,57.62,57.94,,52.22,21655200.0
1162,2016-08-15,58.01,58.5,57.96,58.12,,52.38,19283900.0
1163,2016-08-16,57.61,57.62,57.27,57.44,,52.09,20523500.0
1164,2016-08-17,57.54,57.68,57.23,57.56,,52.2,18856400.0
1165,2016-08-18,57.42,57.7,57.27,57.6,,52.24,14214300.0
1166,2016-08-19,57.43,57.73,57.2,57.62,,52.26,17271000.0
1167,2016-08-22,57.6,57.75,57.26,57.67,,52.3,15221900.0
1168,2016-08-23,57.9,58.18,57.85,57.89,,52.5,18732400.0
1169,2016-08-24,57.8,58.04,57.72,57.95,,52.56,18151500.0
1170,2016-08-25,57.88,58.29,57.78,58.17,,52.76,18552600.0
1171,2016-08-26,58.28,58.7,57.69,58.03,,52.63,20971200.0
1172,2016-08-29,58.18,58.6,58.1,58.1,,52.69,16417200.0
1173,2016-08-30,57.98,58.19,57.61,57.89,,52.5,16930200.0
1174,2016-08-31,57.65,57.8,57.3,57.46,,52.11,20860300.0
1175,2016-09-01,57.01,57.82,57.01,57.59,,52.23,26075400.0
1176,2016-09-02,57.67,58.19,57.42,57.67,,52.3,18900500.0
1177,2016-09-06,57.78,57.8,57.21,57.61,,52.25,16278400.0
1178,2016-09-07,57.47,57.84,57.41,57.66,,52.29,17493400.0
1179,2016-09-08,57.63,57.79,57.18,57.43,,52.08,20146100.0
1180,2016-09-09,56.79,57.52,56.21,56.21,,50.98,35113900.0
1181,2016-09-12,56.0,57.21,55.61,57.05,,51.74,29303000.0
1182,2016-09-13,56.5,56.65,56.05,56.53,,51.27,30130200.0
1183,2016-09-14,56.39,56.63,56.03,56.26,,51.02,24062500.0
1184,2016-09-15,56.15,57.35,55.98,57.19,,51.87,26847000.0
1185,2016-09-16,57.63,57.63,56.75,57.25,,51.92,44607000.0
1186,2016-09-19,57.27,57.75,56.85,56.93,,51.63,20937100.0
1187,2016-09-20,57.35,57.35,56.75,56.81,,51.52,17384000.0
1188,2016-09-21,57.51,57.85,57.08,57.76,,52.38,33707300.0
1189,2016-09-22,57.92,58.0,57.63,57.82,,52.44,19822200.0
1190,2016-09-23,57.87,57.91,57.38,57.43,,52.08,19955300.0
1191,2016-09-26,57.08,57.14,56.83,56.9,,51.6,21688700.0
1192,2016-09-27,56.93,58.06,56.68,57.95,,52.56,28065100.0
1193,2016-09-28,57.88,58.06,57.67,58.03,,52.63,20536400.0
1194,2016-09-29,57.81,58.17,57.21,57.4,,52.06,25463500.0
1195,2016-09-30,57.57,57.77,57.34,57.6,,52.24,29910800.0
1196,2016-10-03,57.41,57.55,57.06,57.42,,52.08,19189500.0
1197,2016-10-04,57.27,57.6,56.97,57.24,,51.91,20085900.0
1198,2016-10-05,57.29,57.96,57.26,57.64,,52.28,16726400.0
1199,2016-10-06,57.74,57.86,57.28,57.74,,52.37,16212600.0
1200,2016-10-07,57.85,57.98,57.42,57.8,,52.42,20089000.0
1201,2016-10-10,57.91,58.39,57.87,58.04,,52.64,18196500.0
1202,2016-10-11,57.89,58.02,56.89,57.19,,51.87,26497400.0
1203,2016-10-12,57.11,57.27,56.4,57.11,,51.79,22177500.0
1204,2016-10-13,56.7,57.3,56.32,56.92,,51.62,25313700.0
1205,2016-10-14,57.12,57.74,57.12,57.42,,52.08,27402500.0
1206,2016-10-17,57.36,57.46,56.87,57.22,,51.89,23830000.0
1207,2016-10-18,57.53,57.95,57.41,57.66,,52.29,19149500.0
1208,2016-10-19,57.47,57.84,57.4,57.53,,52.18,22878400.0
1209,2016-10-20,57.5,57.52,56.66,57.25,,51.92,49455600.0
1210,2016-10-21,60.28,60.45,59.49,59.66,,54.11,80032200.0
1211,2016-10-24,59.94,61.0,59.93,61.0,,55.32,54067000.0
1212,2016-10-25,60.85,61.37,60.8,60.99,,55.31,35137200.0
1213,2016-10-26,60.81,61.2,60.47,60.63,,54.99,29911600.0
1214,2016-10-27,60.61,60.83,60.09,60.1,,54.51,28479900.0
1215,2016-10-28,60.01,60.52,59.58,59.87,,54.3,33574700.0
1216,2016-10-31,60.16,60.42,59.92,59.92,,54.34,26434700.0
1217,2016-11-01,59.97,60.02,59.25,59.8,,54.23,24533000.0
1218,2016-11-02,59.82,59.93,59.3,59.43,,53.9,22147000.0
1219,2016-11-03,59.53,59.64,59.11,59.21,,53.7,21600400.0
1220,2016-11-04,58.65,59.28,58.52,58.71,,53.25,28697000.0
1221,2016-11-07,59.78,60.52,59.78,60.42,,54.8,31664800.0
1222,2016-11-08,60.55,60.78,60.15,60.47,,54.84,22935400.0
1223,2016-11-09,60.0,60.59,59.2,60.17,,54.57,49632500.0
1224,2016-11-10,60.48,60.49,57.63,58.7,,53.24,57822400.0
1225,2016-11-11,58.23,59.12,58.01,59.02,,53.53,38767800.0
1226,2016-11-14,59.02,59.08,57.28,58.12,,52.71,41328400.0
1227,2016-11-15,58.33,59.49,58.32,58.87,,53.75,35904100.0
1228,2016-11-16,58.94,59.66,58.81,59.65,,54.46,27332500.0
1229,2016-11-17,60.41,60.95,59.97,60.64,,55.37,32132700.0
1230,2016-11-18,60.78,61.14,60.3,60.35,,55.1,27686300.0
1231,2016-11-21,60.5,60.97,60.42,60.86,,55.57,19652600.0
1232,2016-11-22,60.98,61.26,60.81,61.12,,55.81,23206700.0
1233,2016-11-23,61.01,61.1,60.25,60.4,,55.15,21848900.0
1234,2016-11-25,60.3,60.53,60.13,60.53,,55.27,8409600.0
1235,2016-11-28,60.34,61.02,60.21,60.61,,55.34,20732600.0
1236,2016-11-29,60.65,61.41,60.52,61.09,,55.78,22366700.0
1237,2016-11-30,60.86,61.18,60.22,60.26,,55.02,34655400.0
1238,2016-12-01,60.11,60.15,58.94,59.2,,54.05,34542100.0
1239,2016-12-02,59.08,59.47,58.8,59.25,,54.1,25515700.0
1240,2016-12-05,59.7,60.59,59.56,60.22,,54.98,23552700.0
1241,2016-12-06,60.43,60.46,59.8,59.95,,54.74,19907000.0
1242,2016-12-07,60.01,61.38,59.8,61.37,,56.03,30809000.0
1243,2016-12-08,61.3,61.58,60.84,61.01,,55.71,21220800.0
1244,2016-12-09,61.18,61.99,61.13,61.97,,56.58,27349400.0
1245,2016-12-12,61.82,62.3,61.72,62.17,,56.76,20198100.0
1246,2016-12-13,62.5,63.42,62.24,62.98,,57.5,35718900.0
1247,2016-12-14,63.0,63.45,62.53,62.68,,57.23,30352700.0
1248,2016-12-15,62.7,63.15,62.3,62.58,,57.14,27669900.0
1249,2016-12-16,62.95,62.95,62.12,62.3,,56.88,42453100.0
1250,2016-12-19,62.56,63.77,62.42,63.62,,58.09,34338200.0
1251,2016-12-20,63.69,63.8,63.03,63.54,,58.02,26028400.0
1252,2016-12-21,63.43,63.7,63.12,63.54,,58.02,17096300.0
1253,2016-12-22,63.84,64.1,63.41,63.55,,58.02,22176600.0
1254,2016-12-23,63.45,63.54,62.8,63.24,,57.74,12403800.0
1255,2016-12-27,63.21,64.07,63.21,63.28,,57.78,11763200.0
1256,2016-12-28,63.4,63.4,62.83,62.99,,57.51,14653300.0
1257,2016-12-29,62.86,63.2,62.73,62.9,,57.43,10250600.0
1258,2016-12-30,62.96,62.99,62.03,62.14,,56.74,25579900.0
1259,2017-01-03,62.79,62.84,62.13,62.58,,57.14,20694100.0
1260,2017-01-04,62.48,62.75,62.12,62.3,,56.88,21340000.0
1261,2017-01-05,62.19,62.66,62.03,62.3,,56.88,24876000.0
1262,2017-01-06,62.3,63.15,62.04,62.84,,57.38,19922900.0
1263,2017-01-09,62.76,63.08,62.54,62.64,,57.19,20382700.0
1264,2017-01-10,62.73,63.07,62.28,62.62,,57.18,18593000.0
1265,2017-01-11,62.61,63.23,62.43,63.19,,57.7,21517300.0
1266,2017-01-12,63.06,63.4,61.95,62.61,,57.17,20968200.0
1267,2017-01-13,62.62,62.87,62.35,62.7,,57.25,19422300.0
1268,2017-01-17,62.68,62.7,62.03,62.53,,57.09,20664000.0
1269,2017-01-18,62.67,62.7,62.12,62.5,,57.07,19670100.0
1270,2017-01-19,62.24,62.98,62.2,62.3,,56.88,18451700.0
1271,2017-01-20,62.67,62.82,62.37,62.74,,57.28,30213500.0
1272,2017-01-23,62.7,63.12,62.57,62.96,,57.49,23097600.0
1273,2017-01-24,63.2,63.74,62.94,63.52,,58.0,24672900.0
1274,2017-01-25,63.95,64.1,63.45,63.68,,58.14,23672700.0
1275,2017-01-26,64.12,64.54,63.55,64.27,,58.68,43554600.0
1276,2017-01-27,65.39,65.91,64.89,65.78,,60.06,44818000.0
1277,2017-01-30,65.69,65.79,64.8,65.13,,59.47,31651400.0
1278,2017-01-31,64.86,65.15,64.26,64.65,,59.03,25270500.0
1279,2017-02-01,64.36,64.62,63.47,63.58,,58.05,39671500.0
1280,2017-02-02,63.25,63.41,62.75,63.17,,57.68,45827000.0
1281,2017-02-03,63.5,63.7,63.07,63.68,,58.14,30301800.0
1282,2017-02-06,63.5,63.65,63.14,63.64,,58.11,19796400.0
1283,2017-02-07,63.74,63.78,63.23,63.43,,57.91,20277200.0
1284,2017-02-08,63.57,63.81,63.22,63.34,,57.83,18096400.0
1285,2017-02-09,63.52,64.44,63.32,64.06,,58.49,22644400.0
1286,2017-02-10,64.25,64.3,63.98,64.0,,58.44,18170700.0
1287,2017-02-13,64.24,64.86,64.13,64.72,,59.09,22920100.0
1288,2017-02-14,64.41,64.72,64.02,64.57,,59.31,23108400.0
1289,2017-02-15,64.5,64.57,64.16,64.53,,59.28,17005200.0
1290,2017-02-16,64.74,65.24,64.44,64.52,,59.27,20546300.0
1291,2017-02-17,64.47,64.69,64.3,64.62,,59.36,21248800.0
1292,2017-02-21,64.61,64.95,64.45,64.49,,59.24,20655900.0
1293,2017-02-22,64.33,64.39,64.05,64.36,,59.12,19292700.0
1294,2017-02-23,64.42,64.73,64.19,64.62,,59.36,20273100.0
1295,2017-02-24,64.53,64.8,64.14,64.62,,59.36,21796800.0
1296,2017-02-27,64.54,64.54,64.05,64.23,,59.0,15871500.0
1297,2017-02-28,64.08,64.2,63.76,63.98,,58.77,23239800.0
1298,2017-03-01,64.13,64.99,64.02,64.94,,59.65,26937500.0
1299,2017-03-02,64.69,64.75,63.88,64.01,,58.8,24539600.0
1300,2017-03-03,63.99,64.28,63.62,64.25,,59.02,18135900.0
1301,2017-03-06,63.97,64.56,63.81,64.27,,59.04,18750300.0
1302,2017-03-07,64.19,64.78,64.19,64.4,,59.16,18521000.0
1303,2017-03-08,64.26,65.08,64.25,64.99,,59.7,21510900.0
1304,2017-03-09,65.19,65.2,64.48,64.73,,59.46,19846800.0
1305,2017-03-10,65.11,65.26,64.75,64.93,,59.64,19538200.0
1306,2017-03-13,65.01,65.19,64.57,64.71,,59.44,20100000.0
1307,2017-03-14,64.53,64.55,64.15,64.41,,59.17,14280200.0
1308,2017-03-15,64.55,64.92,64.25,64.75,,59.48,24833800.0
1309,2017-03-16,64.75,64.76,64.3,64.64,,59.38,20674300.0
1310,2017-03-17,64.91,65.24,64.68,64.87,,59.59,49219700.0
1311,2017-03-20,64.91,65.18,64.72,64.93,,59.64,14598100.0
1312,2017-03-21,65.19,65.5,64.13,64.21,,58.98,26640500.0
1313,2017-03-22,64.12,65.14,64.12,65.03,,59.74,20680000.0
1314,2017-03-23,64.94,65.24,64.77,64.87,,59.59,19269200.0
1315,2017-03-24,65.36,65.45,64.76,64.98,,59.69,22617100.0
1316,2017-03-27,64.63,65.22,64.35,65.1,,59.8,18614700.0
1317,2017-03-28,64.96,65.47,64.65,65.29,,59.97,20080400.0
1318,2017-03-29,65.12,65.5,64.95,65.47,,60.14,13618400.0
1319,2017-03-30,65.42,65.98,65.36,65.71,,60.36,15122800.0
1320,2017-03-31,65.65,66.19,65.45,65.86,,60.5,21040300.0
1321,2017-04-03,65.81,65.94,65.19,65.55,,60.21,20400900.0
1322,2017-04-04,65.39,65.81,65.28,65.73,,60.38,12997400.0
1323,2017-04-05,66.3,66.35,65.44,65.56,,60.22,21448600.0
1324,2017-04-06,65.6,66.06,65.48,65.73,,60.38,18103500.0
1325,2017-04-07,65.85,65.96,65.44,65.68,,60.33,14108500.0
1326,2017-04-10,65.61,65.82,65.36,65.53,,60.19,17952700.0
1327,2017-04-11,65.6,65.61,64.85,65.48,,60.15,18791500.0
1328,2017-04-12,65.42,65.51,65.11,65.23,,59.92,17108500.0
1329,2017-04-13,65.29,65.86,64.95,64.95,,59.66,17896500.0
1330,2017-04-17,65.04,65.49,65.01,65.48,,60.15,16689300.0
1331,2017-04-18,65.33,65.71,65.16,65.39,,60.07,15155600.0
1332,2017-04-19,65.65,65.75,64.89,65.04,,59.74,26992800.0
1333,2017-04-20,65.46,65.75,65.14,65.5,,60.17,22299500.0
1334,2017-04-21,65.67,66.7,65.45,66.4,,60.99,32522600.0
1335,2017-04-24,67.48,67.66,67.1,67.53,,62.03,29770000.0
1336,2017-04-25,67.9,68.04,67.6,67.92,,62.39,30242700.0
1337,2017-04-26,68.08,68.31,67.62,67.83,,62.31,26190800.0
1338,2017-04-27,68.15,68.38,67.58,68.27,,62.71,34971000.0
1339,2017-04-28,68.91,69.14,67.69,68.46,,62.89,39548800.0
1340,2017-05-01,68.68,69.55,68.5,69.41,,63.76,31954400.0
1341,2017-05-02,69.71,69.71,69.13,69.3,,63.66,23906100.0
1342,2017-05-03,69.38,69.38,68.71,69.08,,63.46,28928000.0
1343,2017-05-04,69.03,69.08,68.64,68.81,,63.21,21749400.0
1344,2017-05-05,68.9,69.03,68.49,69.0,,63.38,19128800.0
1345,2017-05-08,68.97,69.05,68.42,68.94,,63.33,18566100.0
1346,2017-05-09,68.86,69.28,68.68,69.04,,63.42,22858400.0
1347,2017-05-10,68.99,69.56,68.92,69.31,,63.67,17977800.0
1348,2017-05-11,68.36,68.73,68.12,68.46,,62.89,28789400.0
1349,2017-05-12,68.61,68.61,68.04,68.38,,62.81,18714100.0
1350,2017-05-15,68.14,68.48,67.57,68.43,,62.86,31530300.0
1351,2017-05-16,68.23,69.44,68.16,69.41,,64.12,34956000.0
1352,2017-05-17,68.89,69.1,67.43,67.48,,62.34,30548800.0
1353,2017-05-18,67.4,68.13,67.14,67.71,,62.55,25201300.0
1354,2017-05-19,67.5,68.1,67.43,67.69,,62.54,26961100.0
1355,2017-05-22,67.89,68.5,67.5,68.45,,63.24,16237600.0
1356,2017-05-23,68.72,68.75,68.38,68.68,,63.45,15425800.0
1357,2017-05-24,68.87,68.88,68.45,68.77,,63.53,14593900.0
1358,2017-05-25,68.97,69.88,68.91,69.62,,64.32,21854100.0
1359,2017-05-26,69.8,70.22,69.52,69.96,,64.63,19827900.0
1360,2017-05-30,69.79,70.41,69.77,70.41,,65.05,17072800.0
1361,2017-05-31,70.53,70.74,69.81,69.84,,64.52,30436400.0
1362,2017-06-01,70.24,70.61,69.45,70.1,,64.76,21603600.0
1363,2017-06-02,70.44,71.86,70.24,71.76,,66.3,34770300.0
1364,2017-06-05,71.97,72.89,71.81,72.28,,66.78,33316800.0
1365,2017-06-06,72.3,72.62,72.27,72.52,,67.0,31511100.0
1366,2017-06-07,72.64,72.77,71.95,72.39,,66.88,22301800.0
1367,2017-06-08,72.51,72.52,71.5,71.95,,66.47,24588300.0
1368,2017-06-09,72.04,72.08,68.59,70.32,,64.97,49187400.0
1369,2017-06-12,69.25,69.94,68.13,69.78,,64.47,47761700.0
1370,2017-06-13,70.02,70.82,69.96,70.65,,65.27,25258600.0
1371,2017-06-14,70.91,71.1,69.43,70.27,,64.92,25510700.0
1372,2017-06-15,69.27,70.21,68.8,69.9,,64.58,26068700.0
1373,2017-06-16,69.73,70.03,69.22,70.0,,64.67,48345100.0
1374,2017-06-19,70.5,70.94,70.35,70.87,,65.47,23798300.0
1375,2017-06-20,70.82,70.87,69.87,69.91,,64.59,21512200.0
1376,2017-06-21,70.21,70.62,69.94,70.27,,64.92,19891100.0
1377,2017-06-22,70.54,70.59,69.71,70.26,,64.91,22965700.0
1378,2017-06-23,70.09,71.25,69.92,71.21,,65.79,27617300.0
1379,2017-06-26,71.4,71.71,70.44,70.53,,65.16,19607000.0
1380,2017-06-27,70.11,70.18,69.18,69.21,,63.94,25215100.0
1381,2017-06-28,69.21,69.84,68.79,69.8,,64.48,25806200.0
1382,2017-06-29,69.38,69.49,68.09,68.49,,63.27,28918700.0
1383,2017-06-30,68.78,69.38,68.74,68.93,,63.68,24161100.0
1384,2017-07-03,69.33,69.6,68.02,68.17,,62.98,16165500.0
1385,2017-07-05,68.26,69.44,68.22,69.08,,63.82,21176300.0
1386,2017-07-06,68.27,68.78,68.12,68.57,,63.35,21117600.0
1387,2017-07-07,68.7,69.84,68.7,69.46,,64.17,16878300.0
1388,2017-07-10,69.46,70.25,69.2,69.98,,64.65,15014500.0
1389,2017-07-11,70.0,70.68,69.75,69.99,,64.66,17460000.0
1390,2017-07-12,70.69,71.28,70.55,71.15,,65.73,17750900.0
1391,2017-07-13,71.5,72.04,71.31,71.77,,66.3,20269800.0
1392,2017-07-14,72.24,73.27,71.96,72.78,,67.24,25868100.0
1393,2017-07-17,72.8,73.45,72.72,73.35,,67.76,21803900.0
1394,2017-07-18,73.09,73.39,72.66,73.3,,67.72,26435300.0
1395,2017-07-19,73.5,74.04,73.45,73.86,,68.24,22416200.0
1396,2017-07-20,74.18,74.3,73.28,74.22,,68.57,42361000.0
1397,2017-07-21,73.45,74.29,73.17,73.79,,68.17,46717100.0
1398,2017-07-24,73.53,73.75,73.13,73.6,,68.0,21394800.0
1399,2017-07-25,73.8,74.31,73.5,74.19,,68.54,22018700.0
1400,2017-07-26,74.34,74.38,73.81,74.05,,68.41,16252200.0
1401,2017-07-27,73.76,74.42,72.32,73.16,,67.59,36844200.0
1402,2017-07-28,72.67,73.31,72.54,73.04,,67.48,18306700.0
1403,2017-07-31,73.3,73.44,72.41,72.7,,67.16,23600100.0
1404,2017-08-01,73.1,73.42,72.49,72.58,,67.05,22132300.0
1405,2017-08-02,72.55,72.56,71.44,72.26,,66.76,26499200.0
1406,2017-08-03,72.19,72.44,71.85,72.15,,66.66,18214400.0
1407,2017-08-04,72.4,73.04,72.24,72.68,,67.15,22579000.0
1408,2017-08-07,72.8,72.9,72.26,72.4,,66.89,18705700.0
1409,2017-08-08,72.09,73.13,71.75,72.79,,67.25,22044600.0
1410,2017-08-09,72.25,72.51,72.05,72.47,,66.95,22213400.0
1411,2017-08-10,71.9,72.19,71.35,71.41,,65.97,24734500.0
1412,2017-08-11,71.61,72.7,71.28,72.5,,66.98,21443700.0
1413,2017-08-14,73.06,73.72,72.95,73.59,,67.99,20096600.0
1414,2017-08-15,73.59,73.59,73.04,73.22,,68.0,19181400.0
1415,2017-08-16,73.34,74.1,73.17,73.65,,68.4,18150400.0
1416,2017-08-17,73.58,73.87,72.4,72.4,,67.24,22977500.0
1417,2017-08-18,72.27,72.84,71.93,72.49,,67.33,18761500.0
1418,2017-08-21,72.47,72.48,71.7,72.15,,67.01,17734800.0
1419,2017-08-22,72.35,73.24,72.35,73.16,,67.95,14343700.0
1420,2017-08-23,72.96,73.15,72.53,72.72,,67.54,13766500.0
1421,2017-08-24,72.74,72.86,72.07,72.69,,67.51,17098300.0
1422,2017-08-25,72.86,73.35,72.48,72.82,,67.63,12794300.0
1423,2017-08-28,73.06,73.09,72.55,72.83,,67.64,14569700.0
1424,2017-08-29,72.25,73.16,72.05,73.05,,67.85,11478400.0
1425,2017-08-30,73.01,74.21,72.83,74.01,,68.74,16897800.0
1426,2017-08-31,74.03,74.96,73.8,74.77,,69.44,27652800.0
1427,2017-09-01,74.71,74.74,73.64,73.94,,68.67,21736200.0
1428,2017-09-05,73.34,73.89,72.98,73.61,,68.37,21556000.0
1429,2017-09-06,73.74,74.04,73.35,73.4,,68.17,16535800.0
1430,2017-09-07,73.68,74.6,73.6,74.34,,69.05,17471200.0
1431,2017-09-08,74.33,74.44,73.84,73.98,,68.71,14703800.0
1432,2017-09-11,74.31,74.94,74.31,74.76,,69.44,17910400.0
1433,2017-09-12,74.76,75.24,74.37,74.68,,69.36,14394900.0
1434,2017-09-13,74.93,75.23,74.55,75.21,,69.85,13380800.0
1435,2017-09-14,75.0,75.49,74.52,74.77,,69.44,15733900.0
1436,2017-09-15,74.83,75.39,74.07,75.31,,69.95,38578400.0
1437,2017-09-18,75.23,75.97,75.04,75.16,,69.81,23307000.0
1438,2017-09-19,75.21,75.71,75.01,75.44,,70.07,16093300.0
1439,2017-09-20,75.35,75.55,74.31,74.94,,69.6,21587900.0
1440,2017-09-21,75.11,75.24,74.11,74.21,,68.92,19186100.0
1441,2017-09-22,73.99,74.51,73.85,74.41,,69.11,14111400.0
1442,2017-09-25,74.09,74.25,72.92,73.26,,68.04,24149200.0
1443,2017-09-26,73.67,73.81,72.99,73.26,,68.04,18019600.0
1444,2017-09-27,73.55,74.17,73.17,73.85,,68.59,19565100.0
1445,2017-09-28,73.54,73.97,73.31,73.87,,68.61,10883800.0
1446,2017-09-29,73.94,74.54,73.88,74.49,,69.18,17079100.0
1447,2017-10-02,74.71,75.01,74.3,74.61,,69.3,15304800.0
1448,2017-10-03,74.67,74.88,74.19,74.26,,68.97,12190400.0
1449,2017-10-04,74.09,74.72,73.71,74.69,,69.37,13317700.0
1450,2017-10-05,75.22,76.12,74.96,75.97,,70.56,21195300.0
1451,2017-10-06,75.67,76.03,75.54,76.0,,70.59,13959800.0
1452,2017-10-09,75.97,76.55,75.86,76.29,,70.86,11386500.0
1453,2017-10-10,76.33,76.63,76.14,76.29,,70.86,13944500.0
1454,2017-10-11,76.36,76.46,75.95,76.42,,70.98,15388900.0
1455,2017-10-12,76.49,77.29,76.37,77.12,,71.63,16876500.0
1456,2017-10-13,77.59,77.87,77.29,77.49,,71.97,15335700.0
1457,2017-10-16,77.42,77.81,77.35,77.65,,72.12,12380100.0
1458,2017-10-17,77.47,77.62,77.25,77.59,,72.06,16824000.0
1459,2017-10-18,77.67,77.85,77.37,77.61,,72.08,13300700.0
1460,2017-10-19,77.57,77.93,77.35,77.91,,72.36,15092800.0
1461,2017-10-20,78.32,78.97,78.22,78.81,,73.2,22866400.0
1462,2017-10-23,78.99,79.34,78.76,78.83,,73.22,20627200.0
1463,2017-10-24,78.9,79.2,78.46,78.86,,73.24,17517200.0
1464,2017-10-25,78.58,79.1,78.01,78.63,,73.03,20410800.0
1465,2017-10-26,79.2,79.42,78.75,78.76,,73.15,32120700.0
1466,2017-10-27,84.37,86.2,83.61,83.81,,77.84,71066700.0
1467,2017-10-30,83.7,84.33,83.11,83.89,,77.91,31756700.0
1468,2017-10-31,84.36,84.36,83.11,83.18,,77.26,27086600.0
1469,2017-11-01,83.68,83.76,82.88,83.18,,77.26,22307400.0
1470,2017-11-02,83.35,84.46,83.12,84.05,,78.06,23992900.0
1471,2017-11-03,84.08,84.54,83.4,84.14,,78.15,17633500.0
1472,2017-11-06,84.2,84.7,84.08,84.47,,78.45,19860900.0
1473,2017-11-07,84.77,84.9,83.93,84.27,,78.27,17939700.0
1474,2017-11-08,84.14,84.61,83.83,84.56,,78.54,18034200.0
1475,2017-11-09,84.11,84.27,82.9,84.09,,78.1,21178400.0
1476,2017-11-10,83.79,84.1,83.23,83.87,,77.9,19397800.0
1477,2017-11-13,83.66,83.94,83.46,83.93,,77.95,14196900.0
1478,2017-11-14,83.5,84.1,82.98,84.05,,78.06,18801300.0
1479,2017-11-15,83.47,83.69,82.69,82.98,,77.46,19383100.0
1480,2017-11-16,83.1,83.42,82.94,83.2,,77.66,20962800.0
1481,2017-11-17,83.12,83.12,82.24,82.4,,76.92,22079000.0
1482,2017-11-20,82.4,82.59,82.25,82.53,,77.04,16315000.0
1483,2017-11-21,82.74,83.84,82.74,83.72,,78.15,21237500.0
1484,2017-11-22,83.83,83.9,83.04,83.11,,77.58,20553100.0
1485,2017-11-24,83.01,83.43,82.78,83.26,,77.72,7425600.0
1486,2017-11-27,83.31,83.98,83.3,83.87,,78.29,18265200.0
1487,2017-11-28,84.07,85.06,84.02,84.88,,79.23,21926000.0
1488,2017-11-29,84.71,84.92,83.18,83.34,,77.79,27381100.0
1489,2017-11-30,83.51,84.52,83.34,84.17,,78.57,33054600.0
1490,2017-12-01,83.6,84.81,83.22,84.26,,78.65,29532100.0
1491,2017-12-04,84.42,84.43,80.7,81.08,,75.68,39094900.0
1492,2017-12-05,81.34,82.68,80.98,81.59,,76.16,26152300.0
1493,2017-12-06,81.55,83.14,81.43,82.78,,77.27,26162100.0
1494,2017-12-07,82.54,82.8,82.0,82.49,,77.0,23184500.0
1495,2017-12-08,83.63,84.58,83.33,84.16,,78.56,24489100.0
1496,2017-12-11,84.29,85.37,84.12,85.23,,79.56,22857900.0
1497,2017-12-12,85.31,86.05,85.08,85.58,,79.88,23924100.0
1498,2017-12-13,85.74,86.0,85.17,85.35,,79.67,22062700.0
1499,2017-12-14,85.43,85.87,84.53,84.69,,79.05,19306000.0
1500,2017-12-15,85.26,87.09,84.88,86.85,,81.07,53936700.0
1501,2017-12-18,87.12,87.5,86.23,86.38,,80.63,22283800.0
1502,2017-12-19,86.35,86.35,85.27,85.83,,80.12,23524800.0
1503,2017-12-20,86.2,86.3,84.71,85.52,,79.83,23674900.0
1504,2017-12-21,86.05,86.1,85.4,85.5,,79.81,17990700.0
1505,2017-12-22,85.4,85.63,84.92,85.51,,79.82,14145800.0
1506,2017-12-26,85.31,85.53,85.03,85.4,,79.72,9891200.0
1507,2017-12-27,85.65,85.98,85.22,85.71,,80.0,14678000.0
1508,2017-12-28,85.9,85.93,85.55,85.72,,80.01,10594300.0
1509,2017-12-29,85.63,86.05,85.5,85.54,,79.85,18717400.0
1510,2018-01-02,86.13,86.31,85.5,85.95,,80.23,22483800.0
1511,2018-01-03,86.06,86.51,85.97,86.35,,80.6,26061400.0
1512,2018-01-04,86.59,87.66,86.57,87.11,,81.31,21912000.0
1513,2018-01-05,87.66,88.41,87.43,88.19,,82.32,23407100.0
1514,2018-01-08,88.2,88.58,87.6,88.28,,82.4,22113000.0
1515,2018-01-09,88.65,88.73,87.86,88.22,,82.35,19484300.0
1516,2018-01-10,87.86,88.19,87.41,87.82,,81.97,18652200.0
1517,2018-01-11,88.13,88.13,87.24,88.08,,82.22,17808900.0
1518,2018-01-12,88.67,89.78,88.45,89.6,,83.64,24271500.0
1519,2018-01-16,90.1,90.79,88.01,88.35,,82.47,36599700.0
1520,2018-01-17,89.08,90.28,88.75,90.14,,84.14,25621200.0
1521,2018-01-18,89.8,90.67,89.66,90.1,,84.1,24159700.0
1522,2018-01-19,90.14,90.61,89.66,90.0,,84.01,36875000.0
1523,2018-01-22,90.0,91.62,89.74,91.61,,85.51,23601600.0
1524,2018-01-23,91.9,92.3,91.54,91.9,,85.78,23412800.0
1525,2018-01-24,92.55,93.43,91.58,91.82,,85.71,33277500.0
1526,2018-01-25,92.47,93.24,91.93,92.33,,86.18,26383200.0
1527,2018-01-26,93.12,94.06,92.58,94.06,,87.8,29172200.0
1528,2018-01-29,95.14,95.45,93.72,93.92,,87.67,31569900.0
1529,2018-01-30,93.3,93.66,92.1,92.74,,86.57,38635100.0
1530,2018-01-31,93.75,95.4,93.51,95.01,,88.69,48756300.0
1531,2018-02-01,94.79,96.07,93.58,94.26,,87.99,47227900.0
1532,2018-02-02,93.64,93.97,91.5,91.78,,85.67,47867800.0
1533,2018-02-05,90.56,93.24,88.0,88.0,,82.14,51031500.0
1534,2018-02-06,86.89,91.48,85.25,91.33,,85.25,67998600.0
1535,2018-02-07,90.49,91.77,89.2,89.61,,83.65,41107600.0
1536,2018-02-08,89.71,89.88,84.76,85.01,,79.35,55628700.0
1537,2018-02-09,86.3,88.93,83.83,88.18,,82.31,63499100.0
1538,2018-02-12,88.74,89.78,87.93,89.13,,83.2,35720300.0
1539,2018-02-13,88.93,90.0,87.8,89.83,,83.85,26407700.0
1540,2018-02-14,88.51,90.99,88.41,90.81,,85.16,34960900.0
1541,2018-02-15,91.21,92.72,90.62,92.66,,86.9,27823900.0
1542,2018-02-16,92.45,93.5,91.8,92.0,,86.28,30596900.0
1543,2018-02-20,91.48,93.06,91.01,92.72,,86.95,30911700.0
1544,2018-02-21,92.98,93.36,91.49,91.49,,85.8,26922500.0
1545,2018-02-22,92.05,92.73,91.36,91.73,,86.03,24392800.0
1546,2018-02-23,93.6,94.07,92.36,94.06,,88.21,26329200.0
1547,2018-02-26,94.4,95.45,94.25,95.42,,89.49,30199800.0
1548,2018-02-27,95.74,95.84,94.2,94.2,,88.34,25869100.0
1549,2018-02-28,94.84,95.71,93.63,93.77,,87.94,31167300.0
1550,2018-03-01,93.99,94.57,91.84,92.85,,87.08,37135600.0
1551,2018-03-02,91.58,93.15,90.86,93.05,,87.26,32830400.0
1552,2018-03-05,92.34,94.27,92.26,93.64,,87.82,23901600.0
1553,2018-03-06,94.34,94.49,92.94,93.32,,87.52,22175800.0
1554,2018-03-07,93.16,93.94,92.43,93.86,,88.02,26716100.0
1555,2018-03-08,94.27,95.1,93.77,94.43,,88.56,25887800.0
1556,2018-03-09,95.29,96.54,95.0,96.54,,90.54,36937300.0
1557,2018-03-12,96.5,97.21,96.04,96.77,,90.75,26073700.0
1558,2018-03-13,97.0,97.24,93.97,94.41,,88.54,35387800.0
1559,2018-03-14,95.12,95.41,93.5,93.85,,88.01,32132000.0
1560,2018-03-15,93.53,94.58,92.83,94.18,,88.32,27611000.0
1561,2018-03-16,94.68,95.38,93.92,94.6,,88.72,49081300.0
1562,2018-03-19,93.74,93.9,92.11,92.89,,87.11,33344100.0
1563,2018-03-20,93.05,93.77,93.0,93.13,,87.34,23075200.0
1564,2018-03-21,92.93,94.05,92.21,92.48,,86.73,24457100.0
1565,2018-03-22,91.27,91.75,89.66,89.79,,84.21,38604700.0
1566,2018-03-23,89.5,90.46,87.08,87.18,,81.76,44068900.0
1567,2018-03-26,90.61,94.0,90.4,93.78,,87.95,56396800.0
1568,2018-03-27,94.94,95.14,88.51,89.47,,83.91,56569000.0
1569,2018-03-28,89.82,91.23,88.87,89.39,,83.83,52501100.0
1570,2018-03-29,90.18,92.29,88.4,91.27,,85.6,45867500.0
1571,2018-04-02,90.47,90.88,87.51,88.52,,83.02,48515400.0
1572,2018-04-03,89.58,90.05,87.89,89.71,,84.13,37213800.0
1573,2018-04-04,87.85,92.76,87.73,92.33,,86.59,35560000.0
1574,2018-04-05,92.44,93.07,91.4,92.38,,86.64,29771900.0
1575,2018-04-06,91.49,92.46,89.48,90.23,,84.62,38026000.0
1576,2018-04-09,91.04,93.17,90.62,90.77,,85.13,31533900.0
1577,2018-04-10,92.39,93.28,91.64,92.88,,87.11,26812000.0
1578,2018-04-11,92.01,93.29,91.48,91.86,,86.15,24872100.0
1579,2018-04-12,92.43,94.16,92.43,93.58,,87.76,26758900.0
1580,2018-04-13,94.05,94.18,92.44,93.08,,87.29,23346100.0
1581,2018-04-16,94.07,94.66,93.42,94.17,,88.31,20288100.0
1582,2018-04-17,95.0,96.54,94.88,96.07,,90.1,26771000.0
1583,2018-04-18,96.22,96.72,95.52,96.44,,90.44,21043300.0
1584,2018-04-19,96.44,97.07,95.34,96.11,,90.13,23552500.0
1585,2018-04-20,95.91,96.11,94.05,95.0,,89.09,31154400.0
1586,2018-04-23,95.74,96.29,94.63,95.35,,89.42,22331800.0
1587,2018-04-24,96.24,96.47,92.41,93.12,,87.33,34524800.0
1588,2018-04-25,93.3,93.3,90.28,92.31,,86.57,33729300.0
1589,2018-04-26,93.55,95.15,93.1,94.26,,88.4,42529000.0
1590,2018-04-27,97.6,97.9,93.91,95.82,,89.86,48272800.0
1591,2018-04-30,96.33,96.4,93.15,93.52,,87.71,41523600.0
1592,2018-05-01,93.21,95.29,92.79,95.0,,89.09,31408900.0
1593,2018-05-02,94.99,95.17,93.19,93.51,,87.7,27471000.0
1594,2018-05-03,92.96,94.93,92.45,94.07,,88.22,31142500.0
1595,2018-05-04,93.32,95.37,92.92,95.16,,89.24,22531300.0
1596,2018-05-07,95.17,96.71,95.1,96.22,,90.24,24242000.0
1597,2018-05-08,95.85,96.16,95.06,95.81,,89.85,23484600.0
1598,2018-05-09,96.01,96.97,95.05,96.94,,90.91,27327400.0
1599,2018-05-10,97.46,97.95,97.05,97.91,,91.82,22388100.0
1600,2018-05-11,97.8,97.87,97.04,97.7,,91.63,16778300.0
1601,2018-05-14,97.92,98.69,97.31,98.03,,91.93,19454100.0
1602,2018-05-15,97.24,97.85,96.34,97.32,,91.27,24594000.0
1603,2018-05-16,97.36,97.4,96.62,97.15,,91.5,17384700.0
1604,2018-05-17,96.76,97.54,95.83,96.18,,90.59,17246700.0
1605,2018-05-18,96.01,96.93,96.01,96.36,,90.76,17865800.0
1606,2018-05-21,97.0,98.01,96.8,97.6,,91.93,19422500.0
1607,2018-05-22,97.68,98.17,97.2,97.5,,91.83,15441200.0
1608,2018-05-23,96.71,98.73,96.32,98.66,,92.93,21251200.0
1609,2018-05-24,98.73,98.94,96.81,98.31,,92.6,26649300.0
1610,2018-05-25,98.3,98.98,97.86,98.36,,92.64,18363900.0
1611,2018-05-29,97.84,98.88,97.23,98.01,,92.31,28671000.0
1612,2018-05-30,98.31,99.25,97.91,98.95,,93.2,22158500.0
1613,2018-05-31,99.29,99.99,98.61,98.84,,93.1,34140900.0
1614,2018-06-01,99.28,0.86,99.17,0.79,,94.93,28655600.0
1615,2018-06-04,1.26,1.86,0.85,1.67,,95.76,27281600.0
1616,2018-06-05,2.0,2.33,1.53,2.19,,96.25,23514400.0
1617,2018-06-06,2.48,2.6,1.9,2.49,,96.53,21122900.0
1618,2018-06-07,2.65,2.69,0.38,0.88,,95.02,28232200.0
1619,2018-06-08,1.09,1.95,0.54,1.63,,95.72,22165100.0
1620,2018-06-11,1.01,1.59,0.67,1.05,,95.18,23490900.0
1621,2018-06-12,1.1,1.45,0.75,1.31,,95.42,18325200.0
1622,2018-06-13,1.72,2.01,0.56,0.85,,94.99,29492900.0
1623,2018-06-14,1.65,2.03,1.0,1.42,,95.53,25691800.0
1624,2018-06-15,1.51,1.53,0.07,0.13,,94.31,65738600.0
1625,2018-06-18,0.01,1.11,99.42,0.86,,95.0,23586000.0
1626,2018-06-19,99.65,1.0,99.5,0.86,,95.0,28653100.0
1627,2018-06-20,1.37,2.52,1.12,1.87,,95.95,26180800.0
1628,2018-06-21,2.08,2.46,0.88,1.14,,95.26,23198200.0
1629,2018-06-22,0.41,0.77,99.63,0.41,,94.57,38923100.0
1630,2018-06-25,0.0,0.11,97.3,98.39,,92.67,35433300.0
1631,2018-06-26,98.82,0.08,98.75,99.08,,93.32,26897200.0
1632,2018-06-27,99.58,0.02,97.4,97.54,,91.87,31298400.0
1633,2018-06-28,97.38,99.11,97.26,98.63,,92.9,26650700.0
1634,2018-06-29,98.93,99.91,98.33,98.61,,92.88,28053200.0
1635,2018-07-02,98.1,0.06,98.0,0.01,,94.2,19564500.0
1636,2018-07-03,0.48,0.63,98.94,99.05,,93.29,14670300.0
1637,2018-07-05,99.5,99.92,99.03,99.76,,93.96,18977400.0
1638,2018-07-06,99.89,1.43,99.67,1.16,,95.28,19234600.0
1639,2018-07-09,1.65,2.25,1.25,1.85,,95.93,18212000.0
1640,2018-07-10,2.0,2.51,1.86,2.12,,96.19,19293100.0
1641,2018-07-11,1.15,2.34,1.1,1.98,,96.05,19644600.0
1642,2018-07-12,2.77,4.41,2.73,4.19,,98.14,24335900.0
1643,2018-07-13,4.37,5.6,4.09,5.43,,99.3,24635200.0
1644,2018-07-16,5.4,5.82,4.52,4.91,,98.81,21786900.0
1645,2018-07-17,4.61,6.5,4.32,5.95,,99.79,25901700.0
1646,2018-07-18,5.94,6.05,4.72,5.12,,99.01,29493900.0
1647,2018-07-19,4.93,5.31,3.89,4.4,,98.33,40171600.0
1648,2018-07-20,8.08,8.2,6.08,6.27,,0.09,56004000.0
1649,2018-07-23,6.3,8.14,6.13,7.97,,1.7,29707000.0
1650,2018-07-24,8.57,8.82,7.26,7.66,,1.4,26316600.0
1651,2018-07-25,7.96,11.15,7.6,10.83,,4.39,30702100.0
1652,2018-07-26,10.74,11.0,9.5,9.62,,3.25,31372100.0
1653,2018-07-27,10.18,10.18,6.14,7.68,,1.42,37005300.0
1654,2018-07-30,7.19,7.53,4.76,5.37,,99.25,34668300.0
1655,2018-07-31,6.49,6.72,5.38,6.08,,99.92,27655200.0
1656,2018-08-01,6.03,6.45,5.42,6.28,,0.1,23628700.0
1657,2018-08-02,5.4,8.09,4.84,7.57,,1.32,26104300.0
1658,2018-08-03,7.8,8.05,6.82,8.04,,1.76,18659600.0
1659,2018-08-06,8.12,8.42,7.56,8.13,,1.85,20265900.0
1660,2018-08-07,8.56,9.1,8.17,8.88,,2.55,16080200.0
1661,2018-08-08,9.33,9.75,8.76,9.49,,3.13,15487500.0
1662,2018-08-09,9.71,10.16,9.6,9.67,,3.3,13677200.0
1663,2018-08-10,9.42,9.69,8.38,9.0,,2.67,18183700.0
1664,2018-08-13,9.24,9.58,8.1,8.21,,1.92,18472500.0
1665,2018-08-14,8.56,9.75,8.04,9.56,,3.19,16788300.0
1666,2018-08-15,8.49,8.99,6.82,7.66,,1.79,29982800.0
1667,2018-08-16,8.3,8.86,7.3,7.64,,1.77,21384300.0
1668,2018-08-17,7.36,7.9,6.69,7.58,,1.72,18061500.0
1669,2018-08-20,7.51,7.9,6.48,6.87,,1.05,17914200.0
1670,2018-08-21,6.92,7.35,5.85,5.98,,0.21,22881900.0
1671,2018-08-22,5.85,7.34,5.78,7.06,,1.23,18000600.0
1672,2018-08-23,7.15,8.18,6.87,7.56,,1.7,18167700.0
1673,2018-08-24,7.67,8.56,7.56,8.4,,2.49,17234000.0
1674,2018-08-27,9.27,9.64,8.51,9.6,,3.63,19662300.0
1675,2018-08-28,9.94,10.5,9.79,10.26,,4.25,19151500.0
1676,2018-08-29,10.45,12.03,10.27,12.02,,5.92,20818000.0
1677,2018-08-30,11.67,12.61,11.44,11.95,,5.85,22798700.0
1678,2018-08-31,11.69,12.78,11.52,12.33,,6.21,23222700.0
1679,2018-09-04,10.85,11.96,10.22,11.71,,5.62,22634600.0
1680,2018-09-05,11.01,11.42,8.1,8.49,,2.58,32872400.0
1681,2018-09-06,8.25,8.99,7.51,8.74,,2.82,23477600.0
1682,2018-09-07,8.23,8.72,7.23,8.21,,2.31,22498600.0
1683,2018-09-10,8.84,9.64,8.36,9.38,,3.42,20727900.0
1684,2018-09-11,8.9,11.59,8.89,11.24,,5.18,24301800.0
1685,2018-09-12,11.43,11.85,10.51,11.71,,5.62,18891100.0
1686,2018-09-13,12.12,13.73,12.12,12.91,,6.76,26055600.0
1687,2018-09-14,13.36,13.73,12.44,13.37,,7.19,19122300.0
1688,2018-09-17,13.69,13.7,11.86,12.14,,6.03,20736500.0
1689,2018-09-18,12.19,13.7,11.72,13.21,,7.04,22170900.0
1690,2018-09-19,13.05,13.32,11.04,11.7,,5.61,21728400.0
1691,2018-09-20,12.28,13.8,11.93,13.57,,7.38,23714500.0
1692,2018-09-21,14.0,15.29,13.51,14.26,,8.03,71229700.0
1693,2018-09-24,13.03,14.9,12.22,14.67,,8.42,27334500.0
1694,2018-09-25,14.8,15.1,13.75,14.45,,8.21,22668000.0
1695,2018-09-26,14.47,15.06,13.74,13.98,,7.77,19352000.0
1696,2018-09-27,14.78,14.91,14.2,14.41,,8.18,19091300.0
1697,2018-09-28,14.19,14.57,13.68,14.37,,8.14,21647800.0
1698,2018-10-01,14.75,15.68,14.73,15.61,,9.31,18883100.0
1699,2018-10-02,15.3,15.84,14.44,15.15,,8.88,20787200.0
1700,2018-10-03,15.42,16.18,14.93,15.17,,8.89,16648000.0
1701,2018-10-04,14.61,14.76,11.63,12.79,,6.64,34821700.0
1702,2018-10-05,12.63,13.17,10.64,12.13,,6.02,29068900.0
1703,2018-10-08,11.66,12.03,9.34,10.85,,4.81,29640600.0
1704,2018-10-09,11.14,13.08,10.8,12.26,,6.14,26198600.0
1705,2018-10-10,11.24,11.5,5.79,6.16,,0.38,61376300.0
1706,2018-10-11,5.35,8.93,4.2,5.91,,0.14,63904300.0
1707,2018-10-12,9.01,11.24,7.12,9.57,,3.6,47742100.0
1708,2018-10-15,8.91,9.48,6.95,7.6,,1.74,32068100.0
1709,2018-10-16,9.54,11.41,8.95,11.0,,4.95,31610200.0
1710,2018-10-17,11.68,11.81,9.55,10.71,,4.68,26548200.0
1711,2018-10-18,10.1,10.53,7.83,8.5,,2.59,32506200.0
1712,2018-10-19,8.93,10.86,8.21,8.66,,2.74,32785500.0
1713,2018-10-22,9.32,10.54,8.24,9.63,,3.66,26545600.0
1714,2018-10-23,7.77,8.97,5.11,8.1,,2.21,43770400.0
1715,2018-10-24,8.41,8.49,1.59,2.32,,96.74,63897800.0
1716,2018-10-25,6.55,9.27,6.15,8.3,,2.4,61646800.0
1717,2018-10-26,5.69,8.75,4.76,6.96,,1.13,55523100.0
1718,2018-10-29,8.11,8.7,1.63,3.85,,98.19,55162000.0
1719,2018-10-30,3.66,4.38,0.11,3.73,,98.08,65350900.0
1720,2018-10-31,5.44,8.14,5.39,6.81,,0.99,51062400.0
1721,2018-11-01,7.05,7.32,5.53,5.92,,0.15,33384200.0
1722,2018-11-02,6.48,7.32,4.98,6.16,,0.38,37680200.0
1723,2018-11-05,6.37,7.74,5.9,7.51,,1.65,27922100.0
1724,2018-11-06,7.38,8.84,6.28,7.72,,1.85,24340200.0
1725,2018-11-07,9.44,12.24,9.4,11.96,,5.86,37901700.0
1726,2018-11-08,11.8,12.21,10.91,11.75,,5.66,25644100.0
1727,2018-11-09,10.85,11.45,8.76,9.57,,3.6,32039200.0
1728,2018-11-12,9.42,9.96,6.1,6.87,,1.05,33621800.0
1729,2018-11-13,7.55,8.74,6.64,6.94,,1.11,35374600.0
1730,2018-11-14,8.1,8.26,4.47,4.97,,99.68,39495100.0
1731,2018-11-15,4.99,7.8,3.91,7.28,,1.87,38505200.0
1732,2018-11-16,7.08,8.88,6.8,8.29,,2.83,33502100.0
1733,2018-11-19,8.27,8.56,3.55,4.62,,99.35,44773900.0
1734,2018-11-20,1.8,2.97,99.35,1.71,,96.58,64052500.0
1735,2018-11-21,3.6,4.43,2.24,3.11,,97.91,28130600.0
1736,2018-11-23,2.17,3.81,2.0,3.07,,97.87,13823100.0
1737,2018-11-26,4.79,6.63,4.58,6.47,,1.1,32336200.0
1738,2018-11-27,6.27,7.33,5.36,7.14,,1.74,29124500.0
1739,2018-11-28,7.89,11.33,7.86,11.12,,5.52,46788500.0
1740,2018-11-29,10.33,11.12,9.03,10.19,,4.64,28123200.0
1741,2018-11-30,10.7,10.97,9.36,10.89,,5.3,33665600.0
1742,2018-12-03,13.0,13.42,10.73,12.09,,6.44,34732800.0
1743,2018-12-04,11.94,12.64,8.21,8.52,,3.05,45197000.0
1744,2018-12-06,5.82,9.24,5.0,9.19,,3.69,49107400.0
1745,2018-12-07,8.38,9.45,4.3,4.82,,99.54,45044900.0
1746,2018-12-10,4.8,7.98,3.89,7.59,,2.17,40801500.0
1747,2018-12-11,9.8,10.95,7.44,8.59,,3.12,42381900.0
1748,2018-12-12,10.89,11.27,9.04,9.08,,3.58,36183000.0
1749,2018-12-13,9.58,10.87,8.63,9.45,,3.93,31333400.0
1750,2018-12-14,8.25,9.26,5.5,6.03,,0.69,47043100.0
1751,2018-12-17,5.41,5.8,1.71,2.89,,97.7,56957300.0
1752,2018-12-18,3.75,4.51,2.52,3.97,,98.73,49319200.0
1753,2018-12-19,3.65,6.88,1.35,3.69,,98.46,68198200.0
1754,2018-12-20,3.05,4.31,98.78,1.51,,96.39,70334200.0
1755,2018-12-21,1.63,3.0,97.46,98.23,,93.28,111242100.0
1756,2018-12-24,97.68,97.97,93.98,94.13,,89.39,43935200.0
1757,2018-12-26,95.14,0.69,93.96,0.56,,95.49,51634800.0
1758,2018-12-27,99.3,1.19,96.4,1.18,,96.08,49498500.0
1759,2018-12-28,2.09,2.41,99.52,0.39,,95.33,38196300.0
